market_date,checkpoint,horizon_minutes,decision_timestamp,dataset_layer,resolved_winner,favorite_bucket,favorite_bucket_index,favorite_market_q_raw,favorite_model_p,favorite_raw_edge,lower_neighbor_bucket,lower_neighbor_market_q_raw,lower_neighbor_model_p,lower_neighbor_raw_edge,upper_neighbor_bucket,upper_neighbor_market_q_raw,upper_neighbor_model_p,upper_neighbor_raw_edge,strategy_variant,selected_neighbor_side,selected_buckets,selected_bucket_indices,number_of_buckets,basket_model_p,basket_market_q_raw,execution_stress,basket_stressed_cost,basket_raw_edge,basket_stressed_edge,won,payout,stressed_pnl,ROI,five_share_cost,five_share_pnl,month,temporal_block,model_probability_sum_11,market_q_sum_11,spot,spot_bucket_index,spot_inside_favorite,spot_inside_selected_neighbor,spot_inside_basket,spot_position,favorite_location,selection_uses_winner
2026-01-03,T-30,30,2026-01-03T16:30:00+00:00,historical_validation_visible,"90,000-92,000","90,000-92,000",7,0.6050000190734863,0.7166452288656359,0.11164520979214954,"88,000-90,000",0.33500000834465027,0.28335477113436414,-0.05164523721028613,"92,000-94,000",0.0010000000474974513,0.0,-0.0010000000474974513,A,none,"90,000-92,000",7,1,0.7166452288656359,0.6050000190734863,0.03,0.6350000190734864,0.11164520979214954,0.08164520979214951,True,1.0,0.36499998092651365,0.5748031023039599,3.175000095367432,1.8249999046325682,2026-01,1,1.0,0.9480000277399085,90053.54,7,True,False,True,spot_inside_favorite,central,False
2026-01-08,T-30,30,2026-01-08T16:30:00+00:00,historical_validation_visible,"90,000-92,000","90,000-92,000",7,0.9300000071525574,1.0,0.06999999284744263,"88,000-90,000",0.06499999761581421,0.0,-0.06499999761581421,"92,000-94,000",0.00800000037997961,0.0,-0.00800000037997961,A,none,"90,000-92,000",7,1,1.0,0.9300000071525574,0.03,0.9600000071525574,0.06999999284744263,0.0399999928474426,True,1.0,0.0399999928474426,0.04166665890564524,4.800000035762787,0.199999964237213,2026-01,1,1.0,1.0100000054226257,90667.67,7,True,False,True,spot_inside_favorite,central,False
2026-01-12,T-30,30,2026-01-12T16:30:00+00:00,historical_validation_visible,"92,000-94,000","92,000-94,000",5,0.5609999895095825,0.7688260621178312,0.2078260726082487,"90,000-92,000",0.4650000035762787,0.23117393788216875,-0.23382606569410994,"94,000-96,000",0.003000000026077032,0.0,-0.003000000026077032,A,none,"92,000-94,000",5,1,0.7688260621178312,0.5609999895095825,0.03,0.5909999895095825,0.2078260726082487,0.17782607260824868,True,1.0,0.40900001049041745,0.6920474073608861,2.954999947547913,2.045000052452087,2026-01,1,1.0,1.0359999933862127,92217.62,5,True,False,True,spot_inside_favorite,central,False
2026-01-14,T-60,60,2026-01-14T16:00:00+00:00,historical_validation_visible,"96,000-98,000","96,000-98,000",8,0.8565000295639038,0.9166590577469802,0.06015902818307639,"94,000-96,000",0.11999999731779099,0.08334094225301986,-0.03665905506477113,"98,000-100,000",0.032999999821186066,0.0,-0.032999999821186066,A,none,"96,000-98,000",8,1,0.9166590577469802,0.8565000295639038,0.03,0.8865000295639038,0.06015902818307639,0.030159028183076364,True,1.0,0.11349997043609616,0.12803154726563318,4.432500147819519,0.5674998521804808,2026-01,1,1.0,1.0180000270484015,96764.57,8,True,False,True,spot_inside_favorite,central,False
2026-01-15,T-60,60,2026-01-15T16:00:00+00:00,historical_validation_visible,"96,000-98,000","96,000-98,000",8,0.7705000042915344,0.8843882520060992,0.11388824771456474,"94,000-96,000",0.20499999821186066,0.1156117479939008,-0.08938825021795986,"98,000-100,000",0.020500000566244125,0.0,-0.020500000566244125,A,none,"96,000-98,000",8,1,0.8843882520060992,0.7705000042915344,0.03,0.8005000042915345,0.11388824771456474,0.08388824771456471,True,1.0,0.19949999570846555,0.24921923127911635,4.0025000214576725,0.9974999785423277,2026-01,1,1.0,1.019500004069414,96737.04,8,True,False,True,spot_inside_favorite,central,False
2026-01-22,T-60,60,2026-01-22T16:00:00+00:00,historical_validation_visible,"88,000-90,000","88,000-90,000",1,0.8730000257492065,1.0,0.12699997425079346,"<88,000",0.061000000685453415,0.0,-0.061000000685453415,"90,000-92,000",0.06849999725818634,0.0,-0.06849999725818634,A,none,"88,000-90,000",1,1,1.0,0.8730000257492065,0.03,0.9030000257492066,0.12699997425079346,0.09699997425079343,True,1.0,0.09699997425079343,0.10741968049260453,4.515000128746033,0.48499987125396715,2026-01,1,1.0,1.0095000239671208,89000.01,1,True,False,True,spot_inside_favorite,lower_two,False
2026-01-27,T-30,30,2026-01-27T16:30:00+00:00,historical_validation_visible,"88,000-90,000","88,000-90,000",4,0.8450000286102295,0.8990961307032983,0.05409610209306881,"86,000-88,000",0.15000000596046448,0.10090386929670168,-0.04909613666376279,"90,000-92,000",0.006000000052154064,0.0,-0.006000000052154064,A,none,"88,000-90,000",4,1,0.8990961307032983,0.8450000286102295,0.03,0.8750000286102295,0.05409610209306881,0.024096102093068783,True,1.0,0.12499997138977048,0.14285710548868102,4.375000143051148,0.6249998569488524,2026-01,1,1.0,1.0060000348021276,88372.9,4,True,False,True,spot_inside_favorite,central,False
2026-01-28,T-30,30,2026-01-28T16:30:00+00:00,historical_validation_visible,"88,000-90,000","88,000-90,000",6,0.75,0.8094159820233229,0.05941598202332288,"86,000-88,000",0.004000000189989805,0.0,-0.004000000189989805,"90,000-92,000",0.25,0.19058401797667712,-0.05941598202332288,A,none,"88,000-90,000",6,1,0.8094159820233229,0.75,0.03,0.78,0.05941598202332288,0.02941598202332285,True,1.0,0.21999999999999997,0.282051282051282,3.9000000000000004,1.0999999999999999,2026-01,1,1.0,1.012000000453554,89748.93,6,True,False,True,spot_inside_favorite,central,False
2026-01-29,T-60,60,2026-01-29T16:00:00+00:00,historical_validation_visible,"84,000-86,000","84,000-86,000",3,0.809499979019165,0.9319009201169509,0.12240094109778588,"82,000-84,000",0.07800000160932541,0.06809907988304906,-0.009900921726276352,"86,000-88,000",0.05999999865889549,0.0,-0.05999999865889549,A,none,"84,000-86,000",3,1,0.9319009201169509,0.809499979019165,0.03,0.8394999790191651,0.12240094109778588,0.09240094109778585,True,1.0,0.16050002098083493,0.19118525907333092,4.1974998950958256,0.8025001049041747,2026-01,1,1.0,0.9659999797004275,84934.02,3,True,False,True,spot_inside_favorite,central,False
2026-01-30,T-30,30,2026-01-30T16:30:00+00:00,historical_validation_visible,"82,000-84,000","82,000-84,000",1,0.8849999904632568,1.0,0.11500000953674316,"<82,000",0.04100000113248825,0.0,-0.04100000113248825,"84,000-86,000",0.0754999965429306,0.0,-0.0754999965429306,A,none,"82,000-84,000",1,1,1.0,0.8849999904632568,0.03,0.9149999904632569,0.11500000953674316,0.08500000953674314,True,1.0,0.08500000953674314,0.09289618625428438,4.5749999523162845,0.4250000476837157,2026-01,1,1.0,1.0054999883286655,83165.47,1,True,False,True,spot_inside_favorite,lower_two,False
2026-01-31,T-30,30,2026-01-31T16:30:00+00:00,historical_validation_visible,"80,000-82,000","80,000-82,000",1,0.8690000176429749,1.0,0.13099998235702515,"<80,000",0.03700000047683716,0.0,-0.03700000047683716,"82,000-84,000",0.0729999989271164,0.0,-0.0729999989271164,A,none,"80,000-82,000",1,1,1.0,0.8690000176429749,0.03,0.8990000176429749,0.13099998235702515,0.10099998235702512,True,1.0,0.10099998235702512,0.1123470304503774,4.495000088214875,0.5049999117851256,2026-01,2,1.0,0.9905000175931491,81113.08,1,True,False,True,spot_inside_favorite,lower_two,False
2026-02-13,T-60,60,2026-02-13T16:00:00+00:00,historical_validation_visible,"68,000-70,000","68,000-70,000",5,0.7850000262260437,0.8385575138436986,0.053557487617654886,"66,000-68,000",0.17000000178813934,0.1614424861563014,-0.00855751563183793,"70,000-72,000",0.024000000208616257,0.0,-0.024000000208616257,A,none,"68,000-70,000",5,1,0.8385575138436986,0.7850000262260437,0.03,0.8150000262260437,0.053557487617654886,0.02355748761765486,True,1.0,0.18499997377395627,0.22699382554700157,4.075000131130219,0.9249998688697814,2026-02,2,1.0,1.0000000281143002,68692.12,5,True,False,True,spot_inside_favorite,central,False
2026-02-21,T-30,30,2026-02-21T16:30:00+00:00,historical_validation_visible,"68,000-70,000","68,000-70,000",5,0.8700000047683716,1.0,0.12999999523162842,"66,000-68,000",0.11999999731779099,0.0,-0.11999999731779099,"70,000-72,000",0.0005000000237487257,0.0,-0.0005000000237487257,A,none,"68,000-70,000",5,1,1.0,0.8700000047683716,0.03,0.9000000047683716,0.12999999523162842,0.09999999523162839,True,1.0,0.09999999523162839,0.1111111052242326,4.500000023841858,0.49999997615814196,2026-02,2,1.0,0.9945000022999011,68274.36,5,True,False,True,spot_inside_favorite,central,False
2026-02-25,T-30,30,2026-02-25T16:30:00+00:00,historical_validation_visible,"68,000-70,000","66,000-68,000",5,0.5049999952316284,0.6580228566083781,0.1530228613767497,"64,000-66,000",0.00800000037997961,0.0,-0.00800000037997961,"68,000-70,000",0.4415000081062317,0.3419771433916219,-0.0995228647146098,A,none,"66,000-68,000",5,1,0.6580228566083781,0.5049999952316284,0.03,0.5349999952316284,0.1530228613767497,0.12302286137674967,False,0.0,-0.5349999952316284,-1.0,2.6749999761581424,-2.6749999761581424,2026-02,2,1.0,0.9630000037723221,67872.16,5,True,False,True,spot_inside_favorite,central,False
2026-03-02,T-30,30,2026-03-02T16:30:00+00:00,historical_validation_visible,"68,000-70,000","68,000-70,000",7,0.8495000004768372,0.9015062858464205,0.052006285369583294,"66,000-68,000",0.027000000700354576,0.0,-0.027000000700354576,"70,000-72,000",0.1145000010728836,0.09849371415357955,-0.016006286919304058,A,none,"68,000-70,000",7,1,0.9015062858464205,0.8495000004768372,0.03,0.8795000004768372,0.052006285369583294,0.022006285369583267,True,1.0,0.12049999952316282,0.13700966396569814,4.397500002384186,0.6024999976158141,2026-03,2,1.0,1.002500002272427,69383.65,7,True,False,True,spot_inside_favorite,central,False
2026-03-03,T-30,30,2026-03-03T16:30:00+00:00,historical_validation_visible,"68,000-70,000","68,000-70,000",7,0.9150000214576721,1.0,0.08499997854232788,"66,000-68,000",0.06499999761581421,0.0,-0.06499999761581421,"70,000-72,000",0.035999998450279236,0.0,-0.035999998450279236,A,none,"68,000-70,000",7,1,1.0,0.9150000214576721,0.03,0.9450000214576721,0.08499997854232788,0.054999978542327854,True,1.0,0.054999978542327854,0.058201034172983224,4.725000107288361,0.27499989271163927,2026-03,2,1.0,1.0215000177267939,68828.97,7,True,False,True,spot_inside_favorite,central,False
2026-03-04,T-60,60,2026-03-04T16:00:00+00:00,historical_validation_visible,"72,000-74,000","72,000-74,000",7,0.7174999713897705,0.8066089246688547,0.08910895327908419,"70,000-72,000",0.05000000074505806,0.0,-0.05000000074505806,"74,000-76,000",0.22300000488758087,0.1933910753311453,-0.02960892955643557,A,none,"72,000-74,000",7,1,0.8066089246688547,0.7174999713897705,0.03,0.7474999713897705,0.08910895327908419,0.059108953279084164,True,1.0,0.25250002861022947,0.33779269334388756,3.737499856948853,1.2625001430511473,2026-03,2,1.0,1.0034999772324227,73396.88,7,True,False,True,spot_inside_favorite,central,False
2026-03-05,T-30,30,2026-03-05T16:30:00+00:00,historical_validation_visible,"70,000-72,000","70,000-72,000",7,0.9359999895095825,1.0,0.06400001049041748,"68,000-70,000",0.03550000116229057,0.0,-0.03550000116229057,"72,000-74,000",0.03200000151991844,0.0,-0.03200000151991844,A,none,"70,000-72,000",7,1,1.0,0.9359999895095825,0.03,0.9659999895095825,0.06400001049041748,0.034000010490417454,True,1.0,0.034000010490417454,0.035196698612469476,4.829999947547913,0.17000005245208727,2026-03,2,1.0,1.0089999924530275,70995.76,7,True,False,True,spot_inside_favorite,central,False
2026-03-08,T-60,60,2026-03-08T15:00:00+00:00,historical_validation_visible,"66,000-68,000","66,000-68,000",5,0.9150000214576721,1.0,0.08499997854232788,"64,000-66,000",0.009999999776482582,0.0,-0.009999999776482582,"68,000-70,000",0.05000000074505806,0.0,-0.05000000074505806,A,none,"66,000-68,000",5,1,1.0,0.9150000214576721,0.03,0.9450000214576721,0.08499997854232788,0.054999978542327854,True,1.0,0.054999978542327854,0.058201034172983224,4.725000107288361,0.27499989271163927,2026-03,2,1.0,0.9815000221715309,67339.76,5,True,False,True,spot_inside_favorite,central,False
2026-03-18,T-60,60,2026-03-18T15:00:00+00:00,historical_validation_visible,"70,000-72,000","70,000-72,000",5,0.9049999713897705,1.0,0.09500002861022949,"68,000-70,000",0.0215000007301569,0.0,-0.0215000007301569,"72,000-74,000",0.07500000298023224,0.0,-0.07500000298023224,A,none,"70,000-72,000",5,1,1.0,0.9049999713897705,0.03,0.9349999713897705,0.09500002861022949,0.06500002861022947,True,1.0,0.06500002861022947,0.06951874930393244,4.674999856948853,0.3250001430511473,2026-03,2,1.0,1.0064999752794392,71193.23,5,True,False,True,spot_inside_favorite,central,False
2026-03-19,T-60,60,2026-03-19T15:00:00+00:00,historical_validation_visible,"68,000-70,000","68,000-70,000",4,0.7954999804496765,0.8549714244044151,0.05947144395473858,"66,000-68,000",0.016499999910593033,0.0,-0.016499999910593033,"70,000-72,000",0.1899999976158142,0.1450285755955849,-0.0449714220202293,A,none,"68,000-70,000",4,1,0.8549714244044151,0.7954999804496765,0.03,0.8254999804496765,0.05947144395473858,0.029471443954738552,True,1.0,0.17450001955032346,0.2113870668479818,4.127499902248383,0.8725000977516173,2026-03,3,1.0,1.0179999781539664,69482.25,4,True,False,True,spot_inside_favorite,central,False
2026-03-20,T-60,60,2026-03-20T15:00:00+00:00,historical_validation_visible,"68,000-70,000","68,000-70,000",4,0.675000011920929,0.7496491077696565,0.07464909584872759,"66,000-68,000",0.004000000189989805,0.0,-0.004000000189989805,"70,000-72,000",0.32499998807907104,0.25035089223034346,-0.07464909584872759,A,none,"68,000-70,000",4,1,0.7496491077696565,0.675000011920929,0.03,0.705000011920929,0.07464909584872759,0.04464909584872756,True,1.0,0.294999988079071,0.418439692327491,3.525000059604645,1.474999940395355,2026-03,3,1.0,1.0090000003692694,69731.21,4,True,False,True,spot_inside_favorite,central,False
2026-03-24,T-60,60,2026-03-24T15:00:00+00:00,historical_validation_visible,"68,000-70,000","68,000-70,000",3,0.5350000262260437,0.621653261180342,0.08665323495429833,"66,000-68,000",0.006000000052154064,0.0,-0.006000000052154064,"70,000-72,000",0.4699999988079071,0.37834673881965797,-0.09165325998824914,A,none,"68,000-70,000",3,1,0.621653261180342,0.5350000262260437,0.03,0.5650000262260437,0.08665323495429833,0.056653234954298304,True,1.0,0.43499997377395627,0.7699114222694259,2.825000131130219,2.174999868869781,2026-03,3,1.0,1.0185000254423358,69869.93,3,True,False,True,spot_inside_favorite,central,False
2026-03-25,T-60,60,2026-03-25T15:00:00+00:00,historical_validation_visible,"70,000-72,000","70,000-72,000",5,0.9150000214576721,1.0,0.08499997854232788,"68,000-70,000",0.009999999776482582,0.0,-0.009999999776482582,"72,000-74,000",0.07500000298023224,0.0,-0.07500000298023224,A,none,"70,000-72,000",5,1,1.0,0.9150000214576721,0.03,0.9450000214576721,0.08499997854232788,0.054999978542327854,True,1.0,0.054999978542327854,0.058201034172983224,4.725000107288361,0.27499989271163927,2026-03,3,1.0,1.0040000244043767,71234.28,5,True,False,True,spot_inside_favorite,central,False
2026-03-26,T-60,60,2026-03-26T15:00:00+00:00,historical_validation_visible,"68,000-70,000","68,000-70,000",5,0.8349999785423279,0.9302615066510819,0.09526152810875399,"66,000-68,000",0.00800000037997961,0.0,-0.00800000037997961,"70,000-72,000",0.17000000178813934,0.06973849334891813,-0.10026150843922121,A,none,"68,000-70,000",5,1,0.9302615066510819,0.8349999785423279,0.03,0.8649999785423279,0.09526152810875399,0.06526152810875396,True,1.0,0.1350000214576721,0.1560693928399514,4.32499989271164,0.6750001072883605,2026-03,3,1.0,1.0189999808790162,69479.92,5,True,False,True,spot_inside_favorite,central,False
2026-03-27,T-30,30,2026-03-27T15:30:00+00:00,historical_validation_visible,"66,000-68,000","66,000-68,000",4,0.7250000238418579,0.8665718766555436,0.14157185281368567,"64,000-66,000",0.2865000069141388,0.1334281233444564,-0.1530718835696824,"68,000-70,000",0.001500000013038516,0.0,-0.001500000013038516,A,none,"66,000-68,000",4,1,0.8665718766555436,0.7250000238418579,0.03,0.7550000238418579,0.14157185281368567,0.11157185281368565,True,1.0,0.24499997615814206,0.324503269432293,3.77500011920929,1.2249998807907103,2026-03,3,1.0,1.0180000309483148,66332.98,4,True,False,True,spot_inside_favorite,central,False
2026-03-30,T-30,30,2026-03-30T15:30:00+00:00,historical_validation_visible,"66,000-68,000","66,000-68,000",3,0.9449999928474426,1.0,0.05500000715255737,"64,000-66,000",0.0020000000949949026,0.0,-0.0020000000949949026,"68,000-70,000",0.052000001072883606,0.0,-0.052000001072883606,A,none,"66,000-68,000",3,1,1.0,0.9449999928474426,0.03,0.9749999928474427,0.05500000715255737,0.025000007152557346,True,1.0,0.025000007152557346,0.025641033165083392,4.8749999642372135,0.12500003576278673,2026-03,3,1.0,1.0039999941946007,67522.8,3,True,False,True,spot_inside_favorite,central,False
2026-04-07,T-60,60,2026-04-07T15:00:00+00:00,historical_validation_visible,"68,000-70,000","66,000-68,000",5,0.6200000047683716,0.6716021327755058,0.05160212800713426,"64,000-66,000",0.007000000216066837,0.0,-0.007000000216066837,"68,000-70,000",0.3700000047683716,0.32839786722449416,-0.04160213754387743,A,none,"66,000-68,000",5,1,0.6716021327755058,0.6200000047683716,0.03,0.6500000047683716,0.05160212800713426,0.021602128007134236,False,0.0,-0.6500000047683716,-1.0,3.2500000238418583,-3.2500000238418583,2026-04,3,1.0,1.0025000099558383,67860.48,5,True,False,True,spot_inside_favorite,central,False
2026-04-08,T-60,60,2026-04-08T15:00:00+00:00,historical_validation_visible,"70,000-72,000","70,000-72,000",6,0.9449999928474426,1.0,0.05500000715255737,"68,000-70,000",0.039500001817941666,0.0,-0.039500001817941666,"72,000-74,000",0.008999999612569809,0.0,-0.008999999612569809,A,none,"70,000-72,000",6,1,1.0,0.9449999928474426,0.03,0.9749999928474427,0.05500000715255737,0.025000007152557346,True,1.0,0.025000007152557346,0.025641033165083392,4.8749999642372135,0.12500003576278673,2026-04,3,1.0,1.0004999943776056,70912.88,6,True,False,True,spot_inside_favorite,central,False
2026-04-10,T-60,60,2026-04-10T15:00:00+00:00,historical_validation_visible,"72,000-74,000","72,000-74,000",8,0.9334999918937683,1.0,0.06650000810623169,"70,000-72,000",0.03849999979138374,0.0,-0.03849999979138374,"74,000-76,000",0.025499999523162842,0.0,-0.025499999523162842,A,none,"72,000-74,000",8,1,1.0,0.9334999918937683,0.03,0.9634999918937683,0.06650000810623169,0.03650000810623166,True,1.0,0.03650000810623166,0.03788272798476163,4.817499959468842,0.18250004053115831,2026-04,3,1.0,1.0014999913983047,72909.0,8,True,False,True,spot_inside_favorite,central,False
2026-04-14,T-60,60,2026-04-14T15:00:00+00:00,historical_validation_visible,"74,000-76,000","74,000-76,000",8,0.9315000176429749,1.0,0.06849998235702515,"72,000-74,000",0.020999999716877937,0.0,-0.020999999716877937,"76,000-78,000",0.04650000110268593,0.0,-0.04650000110268593,A,none,"74,000-76,000",8,1,1.0,0.9315000176429749,0.03,0.9615000176429749,0.06849998235702515,0.03849998235702512,True,1.0,0.03849998235702512,0.04004158257989858,4.807500088214875,0.1924999117851256,2026-04,4,1.0,1.0045000187237747,75013.62,8,True,False,True,spot_inside_favorite,central,False
2026-04-20,T-60,60,2026-04-20T15:00:00+00:00,historical_validation_visible,"74,000-76,000","74,000-76,000",7,0.9350000023841858,1.0,0.06499999761581421,"72,000-74,000",0.023000000044703484,0.0,-0.023000000044703484,"76,000-78,000",0.02500000037252903,0.0,-0.02500000037252903,A,none,"74,000-76,000",7,1,1.0,0.9350000023841858,0.03,0.9650000023841858,0.06499999761581421,0.03499999761581418,True,1.0,0.03499999761581418,0.03626942749154521,4.825000011920929,0.1749999880790709,2026-04,4,1.0,0.9875000030151568,75034.79,7,True,False,True,spot_inside_favorite,central,False
2026-04-21,T-60,60,2026-04-21T15:00:00+00:00,historical_validation_visible,"74,000-76,000","74,000-76,000",5,0.7099999785423279,0.8031111510201511,0.09311117247782319,"72,000-74,000",0.005499999970197678,0.0,-0.005499999970197678,"76,000-78,000",0.2800000011920929,0.19688884897984893,-0.08311115221224397,A,none,"74,000-76,000",5,1,0.8031111510201511,0.7099999785423279,0.03,0.7399999785423279,0.09311117247782319,0.06311117247782316,True,1.0,0.2600000214576721,0.35135139053629055,3.6999998927116398,1.3000001072883605,2026-04,4,1.0,1.0029999800608493,75675.05,5,True,False,True,spot_inside_favorite,central,False
2026-04-23,T-30,30,2026-04-23T15:30:00+00:00,engineering,"78,000-80,000","78,000-80,000",7,0.9350000023841858,1.0,0.06499999761581421,"76,000-78,000",0.07000000029802322,0.0,-0.07000000029802322,"80,000-82,000",0.004000000189989805,0.0,-0.004000000189989805,A,none,"78,000-80,000",7,1,1.0,0.9350000023841858,0.03,0.9650000023841858,0.06499999761581421,0.03499999761581418,True,1.0,0.03499999761581418,0.03626942749154521,4.825000011920929,0.1749999880790709,2026-04,4,1.0,1.0130000030621886,78386.89,7,True,False,True,spot_inside_favorite,central,False
2026-04-24,T-30,30,2026-04-24T15:30:00+00:00,engineering,"76,000-78,000","76,000-78,000",5,0.75,0.8023077727358763,0.05230777273587628,"74,000-76,000",0.0010000000474974513,0.0,-0.0010000000474974513,"78,000-80,000",0.25999999046325684,0.19769222726412372,-0.062307763199133115,A,none,"76,000-78,000",5,1,0.8023077727358763,0.75,0.03,0.78,0.05230777273587628,0.022307772735876252,True,1.0,0.21999999999999997,0.282051282051282,3.9000000000000004,1.0999999999999999,2026-04,4,1.0,1.014999990700744,77825.99,5,True,False,True,spot_inside_favorite,central,False
2026-04-26,T-30,30,2026-04-26T15:30:00+00:00,engineering,"78,000-80,000","78,000-80,000",7,0.6600000262260437,0.8061771315336901,0.14617710530764638,"76,000-78,000",0.35499998927116394,0.1938228684663099,-0.16117712080485405,"80,000-82,000",0.0010000000474974513,0.0,-0.0010000000474974513,A,none,"78,000-80,000",7,1,0.8061771315336901,0.6600000262260437,0.03,0.6900000262260437,0.14617710530764638,0.11617710530764636,True,1.0,0.30999997377395627,0.44927530723368464,3.450000131130219,1.5499998688697814,2026-04,4,1.0,1.020000015734695,78099.98,7,True,False,True,spot_inside_favorite,central,False
2026-05-04,T-30,30,2026-05-04T15:30:00+00:00,engineering,"80,000-82,000","78,000-80,000",6,0.7350000143051147,0.7995882470126455,0.06458823270753078,"76,000-78,000",0.004000000189989805,0.0,-0.004000000189989805,"80,000-82,000",0.27300000190734863,0.20041175298735447,-0.07258824891999416,A,none,"78,000-80,000",6,1,0.7995882470126455,0.7350000143051147,0.03,0.7650000143051148,0.06458823270753078,0.03458823270753075,False,0.0,-0.7650000143051148,-1.0,3.825000071525574,-3.825000071525574,2026-05,4,1.0,1.018000016512815,79700.37,6,True,False,True,spot_inside_favorite,central,False
2026-05-05,T-60,60,2026-05-05T15:00:00+00:00,engineering,"80,000-82,000","80,000-82,000",7,0.925000011920929,1.0,0.07499998807907104,"78,000-80,000",0.011500000022351742,0.0,-0.011500000022351742,"82,000-84,000",0.05849999934434891,0.0,-0.05849999934434891,A,none,"80,000-82,000",7,1,1.0,0.925000011920929,0.03,0.955000011920929,0.07499998807907104,0.04499998807907102,True,1.0,0.04499998807907102,0.047120405777331946,4.775000059604645,0.2249999403953551,2026-05,4,1.0,1.0000000114669092,81336.59,7,True,False,True,spot_inside_favorite,central,False
2026-05-07,T-60,60,2026-05-07T15:00:00+00:00,engineering,"78,000-80,000","80,000-82,000",7,0.6650000214576721,0.7521796407654864,0.08717961930781426,"78,000-80,000",0.3449999988079071,0.24782035923451368,-0.09717963957339343,"82,000-84,000",0.0024999999441206455,0.0,-0.0024999999441206455,A,none,"80,000-82,000",7,1,0.7521796407654864,0.6650000214576721,0.03,0.6950000214576721,0.08717961930781426,0.05717961930781423,False,0.0,-0.6950000214576721,-1.0,3.475000107288361,-3.475000107288361,2026-05,4,1.0,1.0185000203200616,80171.38,7,True,False,True,spot_inside_favorite,central,False
2026-05-11,T-30,30,2026-05-11T15:30:00+00:00,engineering,"80,000-82,000","80,000-82,000",5,0.949999988079071,1.0,0.050000011920928955,"78,000-80,000",0.007000000216066837,0.0,-0.007000000216066837,"82,000-84,000",0.03500000014901161,0.0,-0.03500000014901161,A,none,"80,000-82,000",5,1,1.0,0.949999988079071,0.03,0.9799999880790711,0.050000011920928955,0.02000001192092893,True,1.0,0.02000001192092893,0.020408175677768713,4.899999940395356,0.10000005960464464,2026-05,4,1.0,0.9959999886341393,81343.39,5,True,False,True,spot_inside_favorite,central,False
2026-05-12,T-30,30,2026-05-12T15:30:00+00:00,engineering,"80,000-82,000","80,000-82,000",5,0.7950000166893005,0.8589488689857716,0.06394885229647107,"78,000-80,000",0.20999999344348907,0.14105113101422834,-0.06894886242926074,"82,000-84,000",0.001500000013038516,0.0,-0.001500000013038516,A,none,"80,000-82,000",5,1,0.8589488689857716,0.7950000166893005,0.03,0.8250000166893006,0.06394885229647107,0.033948852296471044,True,1.0,0.17499998331069944,0.21212118760066082,4.125000083446503,0.8749999165534972,2026-05,5,1.0,1.010500010335818,80222.0,5,True,False,True,spot_inside_favorite,central,False
2026-05-15,T-60,60,2026-05-15T15:00:00+00:00,engineering,"78,000-80,000","78,000-80,000",4,0.9449999928474426,1.0,0.05500000715255737,"76,000-78,000",0.007499999832361937,0.0,-0.007499999832361937,"80,000-82,000",0.04149999842047691,0.0,-0.04149999842047691,A,none,"78,000-80,000",4,1,1.0,0.9449999928474426,0.03,0.9749999928474427,0.05500000715255737,0.025000007152557346,True,1.0,0.025000007152557346,0.025641033165083392,4.8749999642372135,0.12500003576278673,2026-05,5,1.0,1.0024999914458022,79150.37,4,True,False,True,spot_inside_favorite,central,False
2026-05-30,T-60,60,2026-05-30T15:00:00+00:00,engineering,"72,000-74,000","72,000-74,000",4,0.6650000214576721,0.7281705698792137,0.06317054842154157,"70,000-72,000",0.0010000000474974513,0.0,-0.0010000000474974513,"74,000-76,000",0.3050000071525574,0.2718294301207863,-0.033170577031771065,A,none,"72,000-74,000",4,1,0.7281705698792137,0.6650000214576721,0.03,0.6950000214576721,0.06317054842154157,0.033170548421541546,True,1.0,0.30499997854232785,0.4388488764397878,3.475000107288361,1.5249998927116393,2026-05,5,1.0,0.9755000288714655,73929.11,4,True,False,True,spot_inside_favorite,central,False
2026-05-31,T-60,60,2026-05-31T15:00:00+00:00,engineering,"72,000-74,000","72,000-74,000",3,0.9449999928474426,1.0,0.05500000715255737,"70,000-72,000",0.0035000001080334187,0.0,-0.0035000001080334187,"74,000-76,000",0.04500000178813934,0.0,-0.04500000178813934,A,none,"72,000-74,000",3,1,1.0,0.9449999928474426,0.03,0.9749999928474427,0.05500000715255737,0.025000007152557346,True,1.0,0.025000007152557346,0.025641033165083392,4.8749999642372135,0.12500003576278673,2026-05,5,1.0,0.9979999949573539,73602.17,3,True,False,True,spot_inside_favorite,central,False
2026-06-02,T-30,30,2026-06-02T15:30:00+00:00,engineering,"<68,000","<68,000",0,0.9259999990463257,1.0,0.07400000095367432,,,,,"68,000-70,000",0.060499999672174454,0.0,-0.060499999672174454,A,none,"<68,000",0,1,1.0,0.9259999990463257,0.03,0.9559999990463257,0.07400000095367432,0.04400000095367429,True,1.0,0.04400000095367429,0.04602510564599085,4.779999995231629,0.22000000476837145,2026-06,5,1.0,0.9944999990984797,67450.0,0,True,False,True,spot_inside_favorite,lower_two,False
2026-06-03,T-60,60,2026-06-03T15:00:00+00:00,engineering,"66,000-68,000","66,000-68,000",1,0.925000011920929,1.0,0.07499998807907104,"<66,000",0.07050000131130219,0.0,-0.07050000131130219,"68,000-70,000",0.011500000022351742,0.0,-0.011500000022351742,A,none,"66,000-68,000",1,1,1.0,0.925000011920929,0.03,0.955000011920929,0.07499998807907104,0.04499998807907102,True,1.0,0.04499998807907102,0.047120405777331946,4.775000059604645,0.2249999403953551,2026-06,5,1.0,1.0110000134445727,66864.95,1,True,False,True,spot_inside_favorite,lower_two,False
2026-06-10,T-60,60,2026-06-10T15:00:00+00:00,engineering,"62,000-64,000","62,000-64,000",3,0.550000011920929,0.6638013262246734,0.1138013143037444,"60,000-62,000",0.4449999928474426,0.33619867377532664,-0.10880131907211599,"64,000-66,000",0.0024999999441206455,0.0,-0.0024999999441206455,A,none,"62,000-64,000",3,1,0.6638013262246734,0.550000011920929,0.03,0.580000011920929,0.1138013143037444,0.08380131430374438,True,1.0,0.419999988079071,0.7241378955977148,2.900000059604645,2.099999940395355,2026-06,5,1.0,1.0050000050687231,62195.99,3,True,False,True,spot_inside_favorite,central,False
2026-06-18,T-60,60,2026-06-18T15:00:00+00:00,engineering,"62,000-64,000","62,000-64,000",5,0.6150000095367432,0.735053321767018,0.12005331223027482,"60,000-62,000",0.003000000026077032,0.0,-0.003000000026077032,"64,000-66,000",0.3700000047683716,0.264946678232982,-0.10505332653538957,A,none,"62,000-64,000",5,1,0.735053321767018,0.6150000095367432,0.03,0.6450000095367432,0.12005331223027482,0.0900533122302748,True,1.0,0.3549999904632568,0.5503875739757393,3.225000047683716,1.774999952316284,2026-06,5,1.0,0.9935000145924278,63816.61,5,True,False,True,spot_inside_favorite,central,False
2026-06-21,T-60,60,2026-06-21T15:00:00+00:00,engineering,"64,000-66,000","64,000-66,000",5,0.7799999713897705,0.8572060062492506,0.07720603485948008,"62,000-64,000",0.22499999403953552,0.14279399375074942,-0.08220600028878611,"66,000-68,000",0.0005000000237487257,0.0,-0.0005000000237487257,A,none,"64,000-66,000",5,1,0.8572060062492506,0.7799999713897705,0.03,0.8099999713897705,0.07720603485948008,0.04720603485948005,True,1.0,0.19000002861022947,0.2345679448410768,4.049999856948853,0.9500001430511473,2026-06,5,1.0,1.0094999656430446,64145.97,5,True,False,True,spot_inside_favorite,central,False
2026-07-02,T-30,30,2026-07-02T15:30:00+00:00,engineering,"60,000-62,000","60,000-62,000",6,0.7400000095367432,0.8154964262562884,0.07549641671954521,"58,000-60,000",0.003000000026077032,0.0,-0.003000000026077032,"62,000-64,000",0.27250000834465027,0.18450357374371162,-0.08799643460093864,A,none,"60,000-62,000",6,1,0.8154964262562884,0.7400000095367432,0.03,0.7700000095367432,0.07549641671954521,0.045496416719545185,True,1.0,0.2299999904632568,0.2987012826163888,3.850000047683716,1.149999952316284,2026-07,5,1.0,1.025500018207822,61717.94,6,True,False,True,spot_inside_favorite,central,False
2026-01-03,T-30,30,2026-01-03T16:30:00+00:00,historical_validation_visible,"90,000-92,000","90,000-92,000",7,0.6050000190734863,0.7166452288656359,0.11164520979214954,"88,000-90,000",0.33500000834465027,0.28335477113436414,-0.05164523721028613,"92,000-94,000",0.0010000000474974513,0.0,-0.0010000000474974513,B,upper,"90,000-92,000 | 92,000-94,000",7|8,2,0.7166452288656359,0.6060000191209838,0.06,0.6660000191209838,0.11064520974465208,0.05064520974465203,True,1.0,0.33399998087901617,0.5015014583931154,3.330000095604919,1.6699999043950808,2026-01,1,1.0,0.9480000277399085,90053.54,7,True,False,True,spot_inside_favorite,central,False
2026-01-12,T-30,30,2026-01-12T16:30:00+00:00,historical_validation_visible,"92,000-94,000","92,000-94,000",5,0.5609999895095825,0.7688260621178312,0.2078260726082487,"90,000-92,000",0.4650000035762787,0.23117393788216875,-0.23382606569410994,"94,000-96,000",0.003000000026077032,0.0,-0.003000000026077032,B,upper,"92,000-94,000 | 94,000-96,000",5|6,2,0.7688260621178312,0.5639999895356596,0.06,0.6239999895356596,0.20482607258217167,0.14482607258217162,True,1.0,0.3760000104643404,0.6025641294387445,3.119999947678298,1.880000052321702,2026-01,1,1.0,1.0359999933862127,92217.62,5,True,False,True,spot_inside_favorite,central,False
2026-01-15,T-60,60,2026-01-15T16:00:00+00:00,historical_validation_visible,"96,000-98,000","96,000-98,000",8,0.7705000042915344,0.8843882520060992,0.11388824771456474,"94,000-96,000",0.20499999821186066,0.1156117479939008,-0.08938825021795986,"98,000-100,000",0.020500000566244125,0.0,-0.020500000566244125,B,upper,"96,000-98,000 | 98,000-100,000",8|9,2,0.8843882520060992,0.7910000048577785,0.06,0.8510000048577786,0.09338824714832061,0.03338824714832056,True,1.0,0.1489999951422214,0.17508812490209408,4.2550000242888935,0.744999975711107,2026-01,1,1.0,1.019500004069414,96737.04,8,True,False,True,spot_inside_favorite,central,False
2026-01-29,T-60,60,2026-01-29T16:00:00+00:00,historical_validation_visible,"84,000-86,000","84,000-86,000",3,0.809499979019165,0.9319009201169509,0.12240094109778588,"82,000-84,000",0.07800000160932541,0.06809907988304906,-0.009900921726276352,"86,000-88,000",0.05999999865889549,0.0,-0.05999999865889549,B,lower,"84,000-86,000 | 82,000-84,000",3|2,2,1.0,0.8874999806284904,0.06,0.9474999806284905,0.11250001937150955,0.0525000193715095,True,1.0,0.0525000193715095,0.05540899255394757,4.737499903142453,0.2625000968575475,2026-01,1,1.0,0.9659999797004275,84934.02,3,True,False,True,spot_inside_favorite,central,False
2026-01-31,T-30,30,2026-01-31T16:30:00+00:00,historical_validation_visible,"80,000-82,000","80,000-82,000",1,0.8690000176429749,1.0,0.13099998235702515,"<80,000",0.03700000047683716,0.0,-0.03700000047683716,"82,000-84,000",0.0729999989271164,0.0,-0.0729999989271164,B,lower,"80,000-82,000 | <80,000",1|0,2,1.0,0.906000018119812,0.06,0.9660000181198121,0.09399998188018799,0.033999981880187935,True,1.0,0.033999981880187935,0.03519666795282705,4.830000090599061,0.16999990940093967,2026-01,2,1.0,0.9905000175931491,81113.08,1,True,False,True,spot_inside_favorite,lower_two,False
2026-02-21,T-30,30,2026-02-21T16:30:00+00:00,historical_validation_visible,"68,000-70,000","68,000-70,000",5,0.8700000047683716,1.0,0.12999999523162842,"66,000-68,000",0.11999999731779099,0.0,-0.11999999731779099,"70,000-72,000",0.0005000000237487257,0.0,-0.0005000000237487257,B,upper,"68,000-70,000 | 70,000-72,000",5|6,2,1.0,0.8705000047921203,0.06,0.9305000047921204,0.1294999952078797,0.06949999520787964,True,1.0,0.06949999520787964,0.074691020795219,4.652500023960602,0.3474999760393982,2026-02,2,1.0,0.9945000022999011,68274.36,5,True,False,True,spot_inside_favorite,central,False
2026-02-25,T-30,30,2026-02-25T16:30:00+00:00,historical_validation_visible,"68,000-70,000","66,000-68,000",5,0.5049999952316284,0.6580228566083781,0.1530228613767497,"64,000-66,000",0.00800000037997961,0.0,-0.00800000037997961,"68,000-70,000",0.4415000081062317,0.3419771433916219,-0.0995228647146098,B,lower,"66,000-68,000 | 64,000-66,000",5|4,2,0.6580228566083781,0.512999995611608,0.06,0.5729999956116081,0.1450228609967701,0.08502286099677003,False,0.0,-0.5729999956116081,-1.0,2.8649999780580404,-2.8649999780580404,2026-02,2,1.0,0.9630000037723221,67872.16,5,True,False,True,spot_inside_favorite,central,False
2026-03-24,T-60,60,2026-03-24T15:00:00+00:00,historical_validation_visible,"68,000-70,000","68,000-70,000",3,0.5350000262260437,0.621653261180342,0.08665323495429833,"66,000-68,000",0.006000000052154064,0.0,-0.006000000052154064,"70,000-72,000",0.4699999988079071,0.37834673881965797,-0.09165325998824914,B,lower,"68,000-70,000 | 66,000-68,000",3|2,2,0.621653261180342,0.5410000262781978,0.06,0.6010000262781978,0.08065323490214427,0.020653234902144213,True,1.0,0.3989999737218022,0.6638934380630268,3.005000131390989,1.994999868609011,2026-03,2,1.0,1.0185000254423358,69869.93,3,True,False,True,spot_inside_favorite,central,False
2026-03-26,T-60,60,2026-03-26T15:00:00+00:00,historical_validation_visible,"68,000-70,000","68,000-70,000",5,0.8349999785423279,0.9302615066510819,0.09526152810875399,"66,000-68,000",0.00800000037997961,0.0,-0.00800000037997961,"70,000-72,000",0.17000000178813934,0.06973849334891813,-0.10026150843922121,B,lower,"68,000-70,000 | 66,000-68,000",5|4,2,0.9302615066510819,0.8429999789223075,0.06,0.9029999789223075,0.08726152772877438,0.027261527728774326,True,1.0,0.09700002107769246,0.1074197379201026,4.514999894611538,0.4850001053884623,2026-03,3,1.0,1.0189999808790162,69479.92,5,True,False,True,spot_inside_favorite,central,False
2026-03-27,T-30,30,2026-03-27T15:30:00+00:00,historical_validation_visible,"66,000-68,000","66,000-68,000",4,0.7250000238418579,0.8665718766555436,0.14157185281368567,"64,000-66,000",0.2865000069141388,0.1334281233444564,-0.1530718835696824,"68,000-70,000",0.001500000013038516,0.0,-0.001500000013038516,B,upper,"66,000-68,000 | 68,000-70,000",4|5,2,0.8665718766555436,0.7265000238548964,0.06,0.7865000238548965,0.14007185280064716,0.0800718528006471,True,1.0,0.21349997614510352,0.2714557783465404,3.9325001192744824,1.0674998807255176,2026-03,3,1.0,1.0180000309483148,66332.98,4,True,False,True,spot_inside_favorite,central,False
2026-04-07,T-30,30,2026-04-07T15:30:00+00:00,historical_validation_visible,"68,000-70,000","68,000-70,000",6,0.7099999785423279,0.8108796327601355,0.10087965421780765,"66,000-68,000",0.28999999165534973,0.18912036723986453,-0.1008796244154852,"70,000-72,000",0.001500000013038516,0.0,-0.001500000013038516,B,upper,"68,000-70,000 | 70,000-72,000",6|7,2,0.8108796327601355,0.7114999785553664,0.06,0.7714999785553665,0.09937965420476913,0.03937965420476908,True,1.0,0.22850002144463355,0.29617631600262617,3.8574998927768323,1.1425001072231677,2026-04,3,1.0,1.0094999701832421,68189.16,6,True,False,True,spot_inside_favorite,central,False
2026-04-21,T-60,60,2026-04-21T15:00:00+00:00,historical_validation_visible,"74,000-76,000","74,000-76,000",5,0.7099999785423279,0.8031111510201511,0.09311117247782319,"72,000-74,000",0.005499999970197678,0.0,-0.005499999970197678,"76,000-78,000",0.2800000011920929,0.19688884897984893,-0.08311115221224397,B,lower,"74,000-76,000 | 72,000-74,000",5|4,2,0.8031111510201511,0.7154999785125256,0.06,0.7754999785125256,0.08761117250762551,0.02761117250762546,True,1.0,0.2245000214874744,0.2894906869218544,3.877499892562628,1.122500107437372,2026-04,4,1.0,1.0029999800608493,75675.05,5,True,False,True,spot_inside_favorite,central,False
2026-04-26,T-30,30,2026-04-26T15:30:00+00:00,engineering,"78,000-80,000","78,000-80,000",7,0.6600000262260437,0.8061771315336901,0.14617710530764638,"76,000-78,000",0.35499998927116394,0.1938228684663099,-0.16117712080485405,"80,000-82,000",0.0010000000474974513,0.0,-0.0010000000474974513,B,upper,"78,000-80,000 | 80,000-82,000",7|8,2,0.8061771315336901,0.6610000262735412,0.06,0.7210000262735412,0.14517710526014893,0.08517710526014888,True,1.0,0.2789999737264588,0.3869625014696027,3.605000131367706,1.394999868632294,2026-04,4,1.0,1.020000015734695,78099.98,7,True,False,True,spot_inside_favorite,central,False
2026-05-07,T-60,60,2026-05-07T15:00:00+00:00,engineering,"78,000-80,000","80,000-82,000",7,0.6650000214576721,0.7521796407654864,0.08717961930781426,"78,000-80,000",0.3449999988079071,0.24782035923451368,-0.09717963957339343,"82,000-84,000",0.0024999999441206455,0.0,-0.0024999999441206455,B,upper,"80,000-82,000 | 82,000-84,000",7|8,2,0.7521796407654864,0.6675000214017928,0.06,0.7275000214017928,0.08467961936369361,0.02467961936369356,False,0.0,-0.7275000214017928,-1.0,3.637500107008964,-3.637500107008964,2026-05,4,1.0,1.0185000203200616,80171.38,7,True,False,True,spot_inside_favorite,central,False
2026-06-03,T-30,30,2026-06-03T15:30:00+00:00,engineering,"66,000-68,000","66,000-68,000",1,0.8550000190734863,1.0,0.14499998092651367,"<66,000",0.10300000011920929,0.0,-0.10300000011920929,"68,000-70,000",0.0005000000237487257,0.0,-0.0005000000237487257,B,upper,"66,000-68,000 | 68,000-70,000",1|2,2,1.0,0.855500019097235,0.06,0.9155000190972351,0.14449998090276495,0.08449998090276489,True,1.0,0.08449998090276489,0.092299267220212,4.577500095486176,0.42249990451382446,2026-06,5,1.0,0.9625000194064341,66597.74,1,True,False,True,spot_inside_favorite,lower_two,False
2026-06-10,T-60,60,2026-06-10T15:00:00+00:00,engineering,"62,000-64,000","62,000-64,000",3,0.550000011920929,0.6638013262246734,0.1138013143037444,"60,000-62,000",0.4449999928474426,0.33619867377532664,-0.10880131907211599,"64,000-66,000",0.0024999999441206455,0.0,-0.0024999999441206455,B,upper,"62,000-64,000 | 64,000-66,000",3|4,2,0.6638013262246734,0.5525000118650496,0.06,0.6125000118650497,0.11130131435962376,0.051301314359623706,True,1.0,0.38749998813495035,0.6326530295975359,3.0625000593252483,1.9374999406747517,2026-06,5,1.0,1.0050000050687231,62195.99,3,True,False,True,spot_inside_favorite,central,False
2026-06-18,T-60,60,2026-06-18T15:00:00+00:00,engineering,"62,000-64,000","62,000-64,000",5,0.6150000095367432,0.735053321767018,0.12005331223027482,"60,000-62,000",0.003000000026077032,0.0,-0.003000000026077032,"64,000-66,000",0.3700000047683716,0.264946678232982,-0.10505332653538957,B,lower,"62,000-64,000 | 60,000-62,000",5|4,2,0.735053321767018,0.6180000095628202,0.06,0.6780000095628202,0.11705331220419779,0.05705331220419774,True,1.0,0.32199999043717975,0.4749262328842855,3.3900000478141012,1.6099999521858988,2026-06,5,1.0,0.9935000145924278,63816.61,5,True,False,True,spot_inside_favorite,central,False
2026-01-01,T-60,60,2026-01-01T16:00:00+00:00,historical_validation_visible,"86,000-88,000","88,000-90,000",5,0.5649999976158142,0.5965815392217413,0.03158154160592708,"86,000-88,000",0.42500001192092896,0.4034184607782587,-0.02158155114267024,"90,000-92,000",0.0005000000237487257,0.0,-0.0005000000237487257,Candidate B,none,"88,000-90,000",5,1,0.5965815392217413,0.5649999976158142,0.03,0.5949999976158142,0.03158154160592708,0.0015815416059270504,False,0.0,-0.5949999976158142,-1.0,2.9749999880790714,-2.9749999880790714,2026-01,1,1.0,0.9955000097979791,88032.18,5,True,False,True,spot_inside_favorite,central,False
2026-01-02,T-60,60,2026-01-02T16:00:00+00:00,historical_validation_visible,"90,000-92,000","88,000-90,000",6,0.8299999833106995,0.8284785269719492,-0.0015214563387502267,"86,000-88,000",0.014499999582767487,0.0,-0.014499999582767487,"90,000-92,000",0.13500000536441803,0.17152147302805076,0.036521467663632734,Candidate B,none,"90,000-92,000",7,1,0.17152147302805076,0.13500000536441803,0.03,0.16500000536441803,0.036521467663632734,0.006521467663632735,True,1.0,0.8349999946355819,5.060605863565919,0.8250000268220902,4.1749999731779095,2026-01,1,1.0,0.9904999884893186,89418.11,6,True,False,False,spot_inside_favorite,central,False
2026-01-03,T-60,60,2026-01-03T16:00:00+00:00,historical_validation_visible,"90,000-92,000","88,000-90,000",6,0.5450000166893005,0.5872709541907456,0.04227093750144506,"86,000-88,000",0.0044999998062849045,0.0,-0.0044999998062849045,"90,000-92,000",0.42500001192092896,0.4127290458092544,-0.012270966111674553,Candidate B,none,"88,000-90,000",6,1,0.5872709541907456,0.5450000166893005,0.03,0.5750000166893006,0.04227093750144506,0.012270937501445034,False,0.0,-0.5750000166893006,-1.0,2.875000083446503,-2.875000083446503,2026-01,1,1.0,0.9800000286195427,89969.31,6,True,False,True,spot_inside_favorite,central,False
2026-01-04,T-60,60,2026-01-04T16:00:00+00:00,historical_validation_visible,"90,000-92,000","90,000-92,000",7,0.9660000205039978,1.0,0.0339999794960022,"88,000-90,000",0.004000000189989805,0.0,-0.004000000189989805,"92,000-94,000",0.020500000566244125,0.0,-0.020500000566244125,Candidate B,none,"90,000-92,000",7,1,1.0,0.9660000205039978,0.03,0.9960000205039978,0.0339999794960022,0.003999979496002171,True,1.0,0.003999979496002171,0.004016043588009259,4.980000102519989,0.019999897480010853,2026-01,1,1.0,0.9950000214739703,91334.94,7,True,False,True,spot_inside_favorite,central,False
2026-01-05,T-60,60,2026-01-05T16:00:00+00:00,historical_validation_visible,"92,000-94,000","92,000-94,000",8,0.5950000286102295,0.5364844715119774,-0.05851555709825207,"90,000-92,000",0.008999999612569809,0.0,-0.008999999612569809,"94,000-96,000",0.42750000953674316,0.4635155284880226,0.03601551895127941,Candidate B,none,"94,000-96,000",9,1,0.4635155284880226,0.42750000953674316,0.03,0.4575000095367432,0.03601551895127941,0.006015518951279386,False,0.0,-0.4575000095367432,-1.0,2.287500047683716,-2.287500047683716,2026-01,1,1.0,1.0420000379672274,93957.73,8,True,False,False,spot_inside_favorite,central,False
2026-01-06,T-60,60,2026-01-06T16:00:00+00:00,historical_validation_visible,"92,000-94,000","92,000-94,000",7,0.8299999833106995,0.7585533621847671,-0.07144662112593236,"90,000-92,000",0.013500000350177288,0.0,-0.013500000350177288,"94,000-96,000",0.16200000047683716,0.2414466378152329,0.07944663733839574,Candidate B,none,"94,000-96,000",8,1,0.2414466378152329,0.16200000047683716,0.03,0.19200000047683716,0.07944663733839574,0.049446637338395744,False,0.0,-0.19200000047683716,-1.0,0.9600000023841858,-0.9600000023841858,2026-01,1,1.0,1.0174999847076833,93648.99,7,True,False,False,spot_inside_favorite,central,False
2026-01-07,T-60,60,2026-01-07T16:00:00+00:00,historical_validation_visible,"90,000-92,000","90,000-92,000",7,0.925000011920929,0.9012278197889403,-0.023772192131988668,"88,000-90,000",0.017500000074505806,0.0,-0.017500000074505806,"92,000-94,000",0.07000000029802322,0.09877218021105971,0.02877217991303649,Candidate B,none,"92,000-94,000",8,1,0.09877218021105971,0.07000000029802322,0.03,0.10000000029802322,0.02877217991303649,-0.0012278200869635103,False,0.0,-0.10000000029802322,-1.0,0.5000000014901161,-0.5000000014901161,2026-01,1,1.0,1.0205000125570223,91349.96,7,True,False,False,spot_inside_favorite,central,False
2026-01-08,T-60,60,2026-01-08T16:00:00+00:00,historical_validation_visible,"90,000-92,000","90,000-92,000",7,0.8999999761581421,0.9389349797342447,0.03893500357610258,"88,000-90,000",0.07500000298023224,0.06106502026575528,-0.013934982714476955,"92,000-94,000",0.009999999776482582,0.0,-0.009999999776482582,Candidate B,none,"90,000-92,000",7,1,0.9389349797342447,0.8999999761581421,0.03,0.9299999761581421,0.03893500357610258,0.008935003576102551,True,1.0,0.07000002384185788,0.07526884477033009,4.649999880790711,0.3500001192092894,2026-01,1,1.0,0.9949999792152084,90781.57,7,True,False,True,spot_inside_favorite,central,False
2026-01-09,T-60,60,2026-01-09T16:00:00+00:00,historical_validation_visible,"90,000-92,000","90,000-92,000",5,0.9049999713897705,0.9060423345883201,0.0010423631985495563,"88,000-90,000",0.041999999433755875,0.0,-0.041999999433755875,"92,000-94,000",0.04500000178813934,0.09395766541167994,0.04895766362354059,Candidate B,none,"92,000-94,000",6,1,0.09395766541167994,0.04500000178813934,0.03,0.07500000178813934,0.04895766362354059,0.018957663623540594,False,0.0,-0.07500000178813934,-1.0,0.37500000894069674,-0.37500000894069674,2026-01,1,1.0,1.0049999725306407,91176.47,5,True,False,False,spot_inside_favorite,central,False
2026-01-12,T-60,60,2026-01-12T16:00:00+00:00,historical_validation_visible,"92,000-94,000","90,000-92,000",4,0.8349999785423279,0.7813324485593881,-0.05366752998293978,"88,000-90,000",0.006000000052154064,0.0,-0.006000000052154064,"92,000-94,000",0.15950000286102295,0.2186675514406119,0.05916754857958895,Candidate B,none,"92,000-94,000",5,1,0.2186675514406119,0.15950000286102295,0.03,0.18950000286102295,0.05916754857958895,0.029167548579588948,True,1.0,0.810499997138977,4.277044775209783,0.9475000143051148,4.052499985694885,2026-01,1,1.0,1.0099999817321077,91665.0,4,True,False,False,spot_inside_favorite,central,False
2026-01-13,T-60,60,2026-01-13T16:00:00+00:00,historical_validation_visible,"92,000-94,000","92,000-94,000",5,0.8799999952316284,0.835529557871343,-0.04447043736028544,"90,000-92,000",0.014999999664723873,0.0,-0.014999999664723873,"94,000-96,000",0.10499999672174454,0.16447044212865702,0.05947044540691249,Candidate B,none,"94,000-96,000",6,1,0.16447044212865702,0.10499999672174454,0.03,0.13499999672174454,0.05947044540691249,0.029470445406912488,False,0.0,-0.13499999672174454,-1.0,0.6749999836087227,-0.6749999836087227,2026-01,1,1.0,1.0079999916488305,93449.99,5,True,False,False,spot_inside_favorite,central,False
2026-01-14,T-60,60,2026-01-14T16:00:00+00:00,historical_validation_visible,"96,000-98,000","96,000-98,000",8,0.8565000295639038,0.9166590577469802,0.06015902818307639,"94,000-96,000",0.11999999731779099,0.08334094225301986,-0.03665905506477113,"98,000-100,000",0.032999999821186066,0.0,-0.032999999821186066,Candidate B,none,"96,000-98,000",8,1,0.9166590577469802,0.8565000295639038,0.03,0.8865000295639038,0.06015902818307639,0.030159028183076364,True,1.0,0.11349997043609616,0.12803154726563318,4.432500147819519,0.5674998521804808,2026-01,1,1.0,1.0180000270484015,96764.57,8,True,False,True,spot_inside_favorite,central,False
2026-01-15,T-60,60,2026-01-15T16:00:00+00:00,historical_validation_visible,"96,000-98,000","96,000-98,000",8,0.7705000042915344,0.8843882520060992,0.11388824771456474,"94,000-96,000",0.20499999821186066,0.1156117479939008,-0.08938825021795986,"98,000-100,000",0.020500000566244125,0.0,-0.020500000566244125,Candidate B,none,"96,000-98,000",8,1,0.8843882520060992,0.7705000042915344,0.03,0.8005000042915345,0.11388824771456474,0.08388824771456471,True,1.0,0.19949999570846555,0.24921923127911635,4.0025000214576725,0.9974999785423277,2026-01,1,1.0,1.019500004069414,96737.04,8,True,False,True,spot_inside_favorite,central,False
2026-01-16,T-60,60,2026-01-16T16:00:00+00:00,historical_validation_visible,"94,000-96,000","94,000-96,000",7,0.9150000214576721,0.8824788248257165,-0.03252119663195563,"92,000-94,000",0.08299999684095383,0.11752117517428355,0.034521178333329725,"96,000-98,000",0.020999999716877937,0.0,-0.020999999716877937,Candidate B,none,"92,000-94,000",6,1,0.11752117517428355,0.08299999684095383,0.03,0.11299999684095383,0.034521178333329725,0.004521178333329726,False,0.0,-0.11299999684095383,-1.0,0.5649999842047692,-0.5649999842047692,2026-01,1,1.0,1.0245000182767399,94585.98,7,True,False,False,spot_inside_favorite,central,False
2026-01-17,T-60,60,2026-01-17T16:00:00+00:00,historical_validation_visible,"94,000-96,000","94,000-96,000",7,0.9664999842643738,1.0,0.03350001573562622,"92,000-94,000",0.003000000026077032,0.0,-0.003000000026077032,"96,000-98,000",0.02800000086426735,0.0,-0.02800000086426735,Candidate B,none,"94,000-96,000",7,1,1.0,0.9664999842643738,0.03,0.9964999842643738,0.03350001573562622,0.003500015735626194,True,1.0,0.003500015735626194,0.0035123088719463858,4.982499921321869,0.01750007867813097,2026-01,1,1.0,1.0034999852650799,95573.64,7,True,False,True,spot_inside_favorite,central,False
2026-01-20,T-60,60,2026-01-20T16:00:00+00:00,historical_validation_visible,"90,000-92,000","90,000-92,000",4,0.8669999837875366,0.8934878176696577,0.02648783388212106,"88,000-90,000",0.12549999356269836,0.10651218233034229,-0.018987811232356072,"92,000-94,000",0.017999999225139618,0.0,-0.017999999225139618,Candidate B,none,"90,000-92,000",4,1,0.8934878176696577,0.8669999837875366,0.03,0.8969999837875366,0.02648783388212106,-0.0035121661178789676,True,1.0,0.10300001621246335,0.11482722193321682,4.4849999189376835,0.5150000810623168,2026-01,1,1.0,1.0174999766750261,90684.95,4,True,False,True,spot_inside_favorite,central,False
2026-01-21,T-60,60,2026-01-21T16:00:00+00:00,historical_validation_visible,"<88,000","90,000-92,000",2,0.7350000143051147,0.6754182730714839,-0.0595817412336308,"88,000-90,000",0.24650000035762787,0.3245817269285161,0.07808172657088824,"92,000-94,000",0.00800000037997961,0.0,-0.00800000037997961,Candidate B,none,"88,000-90,000",1,1,0.3245817269285161,0.24650000035762787,0.03,0.2765000003576279,0.07808172657088824,0.04808172657088822,False,0.0,-0.2765000003576279,-1.0,1.3825000017881395,-1.3825000017881395,2026-01,1,1.0,1.0015000156708993,90288.04,2,True,False,False,spot_inside_favorite,central,False
2026-01-22,T-60,60,2026-01-22T16:00:00+00:00,historical_validation_visible,"88,000-90,000","88,000-90,000",1,0.8730000257492065,1.0,0.12699997425079346,"<88,000",0.061000000685453415,0.0,-0.061000000685453415,"90,000-92,000",0.06849999725818634,0.0,-0.06849999725818634,Candidate B,none,"88,000-90,000",1,1,1.0,0.8730000257492065,0.03,0.9030000257492066,0.12699997425079346,0.09699997425079343,True,1.0,0.09699997425079343,0.10741968049260453,4.515000128746033,0.48499987125396715,2026-01,1,1.0,1.0095000239671208,89000.01,1,True,False,True,spot_inside_favorite,lower_two,False
2026-01-23,T-60,60,2026-01-23T16:00:00+00:00,historical_validation_visible,"90,000-92,000","88,000-90,000",2,0.7649999856948853,0.679501661124849,-0.08549832457003625,"86,000-88,000",0.004999999888241291,0.0,-0.004999999888241291,"90,000-92,000",0.23499999940395355,0.320498338875151,0.08549833947119745,Candidate B,none,"90,000-92,000",3,1,0.320498338875151,0.23499999940395355,0.03,0.2649999994039536,0.08549833947119745,0.05549833947119742,True,1.0,0.7350000005960464,2.7735849141480444,1.324999997019768,3.675000002980232,2026-01,1,1.0,1.0119999852613546,89761.61,2,True,False,False,spot_inside_favorite,central,False
2026-01-27,T-30,30,2026-01-27T16:30:00+00:00,historical_validation_visible,"88,000-90,000","88,000-90,000",4,0.8450000286102295,0.8990961307032983,0.05409610209306881,"86,000-88,000",0.15000000596046448,0.10090386929670168,-0.04909613666376279,"90,000-92,000",0.006000000052154064,0.0,-0.006000000052154064,Candidate B,none,"88,000-90,000",4,1,0.8990961307032983,0.8450000286102295,0.03,0.8750000286102295,0.05409610209306881,0.024096102093068783,True,1.0,0.12499997138977048,0.14285710548868102,4.375000143051148,0.6249998569488524,2026-01,1,1.0,1.0060000348021276,88372.9,4,True,False,True,spot_inside_favorite,central,False
2026-01-28,T-60,60,2026-01-28T16:00:00+00:00,historical_validation_visible,"88,000-90,000","88,000-90,000",6,0.8500000238418579,0.8830277814021872,0.033027757560329274,"86,000-88,000",0.008999999612569809,0.0,-0.008999999612569809,"90,000-92,000",0.13500000536441803,0.11697221859781282,-0.018027786766605214,Candidate B,none,"88,000-90,000",6,1,0.8830277814021872,0.8500000238418579,0.03,0.8800000238418579,0.033027757560329274,0.0030277575603292473,True,1.0,0.11999997615814206,0.13636360557611404,4.40000011920929,0.5999998807907103,2026-01,1,1.0,1.0115000295336358,89479.66,6,True,False,True,spot_inside_favorite,central,False
2026-01-29,T-60,60,2026-01-29T16:00:00+00:00,historical_validation_visible,"84,000-86,000","84,000-86,000",3,0.809499979019165,0.9319009201169509,0.12240094109778588,"82,000-84,000",0.07800000160932541,0.06809907988304906,-0.009900921726276352,"86,000-88,000",0.05999999865889549,0.0,-0.05999999865889549,Candidate B,none,"84,000-86,000",3,1,0.9319009201169509,0.809499979019165,0.03,0.8394999790191651,0.12240094109778588,0.09240094109778585,True,1.0,0.16050002098083493,0.19118525907333092,4.1974998950958256,0.8025001049041747,2026-01,1,1.0,0.9659999797004275,84934.02,3,True,False,True,spot_inside_favorite,central,False
2026-01-30,T-30,30,2026-01-30T16:30:00+00:00,historical_validation_visible,"82,000-84,000","82,000-84,000",1,0.8849999904632568,1.0,0.11500000953674316,"<82,000",0.04100000113248825,0.0,-0.04100000113248825,"84,000-86,000",0.0754999965429306,0.0,-0.0754999965429306,Candidate B,none,"82,000-84,000",1,1,1.0,0.8849999904632568,0.03,0.9149999904632569,0.11500000953674316,0.08500000953674314,True,1.0,0.08500000953674314,0.09289618625428438,4.5749999523162845,0.4250000476837157,2026-01,1,1.0,1.0054999883286655,83165.47,1,True,False,True,spot_inside_favorite,lower_two,False
2026-01-31,T-60,60,2026-01-31T16:00:00+00:00,historical_validation_visible,"80,000-82,000","80,000-82,000",1,0.871999979019165,0.8875919434872627,0.01559196446809763,"<80,000",0.02500000037252903,0.0,-0.02500000037252903,"82,000-84,000",0.07349999994039536,0.11240805651273733,0.038908056572341976,Candidate B,none,"82,000-84,000",2,1,0.11240805651273733,0.07349999994039536,0.03,0.10349999994039535,0.038908056572341976,0.008908056572341977,False,0.0,-0.10349999994039535,-1.0,0.5174999997019768,-0.5174999997019768,2026-01,1,1.0,0.975499979511369,81302.15,1,True,False,False,spot_inside_favorite,lower_two,False
2026-02-02,T-60,60,2026-02-02T16:00:00+00:00,historical_validation_visible,"78,000-80,000","78,000-80,000",1,0.8245000243186951,0.8017060369377259,-0.02279398738096916,"<78,000",0.13349999487400055,0.12595066397860588,-0.007549330895394668,"80,000-82,000",0.03849999979138374,0.07234329908366821,0.03384329929228447,Candidate B,none,"80,000-82,000",2,1,0.07234329908366821,0.03849999979138374,0.03,0.06849999979138374,0.03384329929228447,0.003843299292284469,False,0.0,-0.06849999979138374,-1.0,0.34249999895691874,-0.34249999895691874,2026-02,1,1.0,1.0095000188448466,78850.06,1,True,False,False,spot_inside_favorite,lower_two,False
2026-02-08,T-60,60,2026-02-08T16:00:00+00:00,historical_validation_visible,"70,000-72,000","70,000-72,000",2,0.9520000219345093,1.0,0.04799997806549072,"68,000-70,000",0.01600000075995922,0.0,-0.01600000075995922,"72,000-74,000",0.03449999913573265,0.0,-0.03449999913573265,Candidate B,none,"70,000-72,000",2,1,1.0,0.9520000219345093,0.03,0.9820000219345093,0.04799997806549072,0.017999978065490696,True,1.0,0.017999978065490696,0.018329916154208738,4.910000109672547,0.08999989032745348,2026-02,1,1.0,1.0085000219987705,71188.99,2,True,False,True,spot_inside_favorite,central,False
2026-02-09,T-60,60,2026-02-09T16:00:00+00:00,historical_validation_visible,"70,000-72,000","<70,000",0,0.8054999709129333,0.7645407979507923,-0.04095917296214102,,,,,"70,000-72,000",0.1940000057220459,0.23545920204920767,0.041459196327161774,Candidate B,none,"70,000-72,000",1,1,0.23545920204920767,0.1940000057220459,0.03,0.2240000057220459,0.041459196327161774,0.011459196327161775,True,1.0,0.7759999942779541,3.4642856002462183,1.1200000286102294,3.87999997138977,2026-02,1,1.0,1.005499976919964,69563.37,0,True,False,False,spot_inside_favorite,lower_two,False
2026-02-10,T-60,60,2026-02-10T16:00:00+00:00,historical_validation_visible,"68,000-70,000","68,000-70,000",1,0.8450000286102295,0.8479442405101527,0.0029442118999232214,"<68,000",0.0430000014603138,0.0,-0.0430000014603138,"70,000-72,000",0.10999999940395355,0.1520557594898473,0.042055760085893734,Candidate B,none,"70,000-72,000",2,1,0.1520557594898473,0.10999999940395355,0.03,0.13999999940395355,0.042055760085893734,0.012055760085893735,False,0.0,-0.13999999940395355,-1.0,0.6999999970197678,-0.6999999970197678,2026-02,2,1.0,1.0080000297748484,69293.37,1,True,False,False,spot_inside_favorite,lower_two,False
2026-02-11,T-60,60,2026-02-11T16:00:00+00:00,historical_validation_visible,"66,000-68,000","66,000-68,000",2,0.800000011920929,0.7547620782195568,-0.04523793370137219,"64,000-66,000",0.15549999475479126,0.24523792178044326,0.089737927025652,"68,000-70,000",0.0215000007301569,0.0,-0.0215000007301569,Candidate B,none,"64,000-66,000",1,1,0.24523792178044326,0.15549999475479126,0.03,0.18549999475479126,0.089737927025652,0.059737927025652005,False,0.0,-0.18549999475479126,-1.0,0.9274999737739563,-0.9274999737739563,2026-02,2,1.0,1.0000000077998266,66519.73,2,True,False,False,spot_inside_favorite,central,False
2026-02-12,T-60,60,2026-02-12T16:00:00+00:00,historical_validation_visible,"64,000-66,000","66,000-68,000",4,0.9100000262260437,0.9234341948224001,0.013434168596356377,"64,000-66,000",0.029999999329447746,0.0,-0.029999999329447746,"68,000-70,000",0.05000000074505806,0.07656580517759992,0.026565804432541862,Candidate B,none,"68,000-70,000",5,1,0.07656580517759992,0.05000000074505806,0.03,0.08000000074505806,0.026565804432541862,-0.003434195567458137,False,0.0,-0.08000000074505806,-1.0,0.4000000037252903,-0.4000000037252903,2026-02,2,1.0,1.0020000265794806,67134.74,4,True,False,False,spot_inside_favorite,central,False
2026-02-13,T-60,60,2026-02-13T16:00:00+00:00,historical_validation_visible,"68,000-70,000","68,000-70,000",5,0.7850000262260437,0.8385575138436986,0.053557487617654886,"66,000-68,000",0.17000000178813934,0.1614424861563014,-0.00855751563183793,"70,000-72,000",0.024000000208616257,0.0,-0.024000000208616257,Candidate B,none,"68,000-70,000",5,1,0.8385575138436986,0.7850000262260437,0.03,0.8150000262260437,0.053557487617654886,0.02355748761765486,True,1.0,0.18499997377395627,0.22699382554700157,4.075000131130219,0.9249998688697814,2026-02,2,1.0,1.0000000281143002,68692.12,5,True,False,True,spot_inside_favorite,central,False
2026-02-16,T-60,60,2026-02-16T16:00:00+00:00,historical_validation_visible,"66,000-68,000","66,000-68,000",3,0.8299999833106995,0.7962052768525001,-0.033794706458199375,"64,000-66,000",0.016499999910593033,0.0,-0.016499999910593033,"68,000-70,000",0.15000000596046448,0.2037947231474999,0.053794717187035435,Candidate B,none,"68,000-70,000",4,1,0.2037947231474999,0.15000000596046448,0.03,0.18000000596046448,0.053794717187035435,0.023794717187035436,False,0.0,-0.18000000596046448,-1.0,0.9000000298023224,-0.9000000298023224,2026-02,2,1.0,1.0014999893610366,67539.52,3,True,False,False,spot_inside_favorite,central,False
2026-02-17,T-60,60,2026-02-17T16:00:00+00:00,historical_validation_visible,"66,000-68,000","66,000-68,000",4,0.8899999856948853,0.8575877880272245,-0.03241219766766079,"64,000-66,000",0.02250000089406967,0.0,-0.02250000089406967,"68,000-70,000",0.07999999821186066,0.14241221197277554,0.06241221376091488,Candidate B,none,"68,000-70,000",5,1,0.14241221197277554,0.07999999821186066,0.03,0.10999999821186066,0.06241221376091488,0.03241221376091488,False,0.0,-0.10999999821186066,-1.0,0.5499999910593033,-0.5499999910593033,2026-02,2,1.0,0.998499984969385,67392.05,4,True,False,False,spot_inside_favorite,central,False
2026-02-18,T-60,60,2026-02-18T16:00:00+00:00,historical_validation_visible,"66,000-68,000","66,000-68,000",5,0.8149999976158142,0.7629656313874306,-0.052034366228383644,"64,000-66,000",0.006500000134110451,0.0,-0.006500000134110451,"68,000-70,000",0.18000000715255737,0.23703436861256943,0.05703436146001206,Candidate B,none,"68,000-70,000",6,1,0.23703436861256943,0.18000000715255737,0.03,0.21000000715255737,0.05703436146001206,0.027034361460012063,False,0.0,-0.21000000715255737,-1.0,1.0500000357627868,-1.0500000357627868,2026-02,2,1.0,1.009500004875008,67694.01,5,True,False,False,spot_inside_favorite,central,False
2026-02-19,T-30,30,2026-02-19T16:30:00+00:00,historical_validation_visible,"66,000-68,000","66,000-68,000",6,0.6850000023841858,0.729591140833048,0.0445911384488622,"64,000-66,000",0.30000001192092896,0.270408859166952,-0.029591152753976946,"68,000-70,000",0.006500000134110451,0.0,-0.006500000134110451,Candidate B,none,"66,000-68,000",6,1,0.729591140833048,0.6850000023841858,0.03,0.7150000023841858,0.0445911384488622,0.014591138448862173,True,1.0,0.2849999976158142,0.3986013939377264,3.5750000119209293,1.424999988079071,2026-02,2,1.0,1.000500014575664,66188.26,6,True,False,True,spot_inside_favorite,central,False
2026-02-20,T-60,60,2026-02-20T16:00:00+00:00,historical_validation_visible,"66,000-68,000","66,000-68,000",4,0.8100000023841858,0.7135156471638786,-0.09648435522030718,"64,000-66,000",0.01549999974668026,0.0,-0.01549999974668026,"68,000-70,000",0.18000000715255737,0.2864843528361214,0.10648434568356402,Candidate B,none,"68,000-70,000",5,1,0.2864843528361214,0.18000000715255737,0.03,0.21000000715255737,0.10648434568356402,0.07648434568356402,False,0.0,-0.21000000715255737,-1.0,1.0500000357627868,-1.0500000357627868,2026-02,2,1.0,1.010500009462703,67582.95,4,True,False,False,spot_inside_favorite,central,False
2026-02-21,T-30,30,2026-02-21T16:30:00+00:00,historical_validation_visible,"68,000-70,000","68,000-70,000",5,0.8700000047683716,1.0,0.12999999523162842,"66,000-68,000",0.11999999731779099,0.0,-0.11999999731779099,"70,000-72,000",0.0005000000237487257,0.0,-0.0005000000237487257,Candidate B,none,"68,000-70,000",5,1,1.0,0.8700000047683716,0.03,0.9000000047683716,0.12999999523162842,0.09999999523162839,True,1.0,0.09999999523162839,0.1111111052242326,4.500000023841858,0.49999997615814196,2026-02,2,1.0,0.9945000022999011,68274.36,5,True,False,True,spot_inside_favorite,central,False
2026-02-22,T-60,60,2026-02-22T16:00:00+00:00,historical_validation_visible,"66,000-68,000","66,000-68,000",4,0.8949999809265137,0.9159418875848606,0.020941906658346943,"64,000-66,000",0.004999999888241291,0.0,-0.004999999888241291,"68,000-70,000",0.10999999940395355,0.08405811241513939,-0.025941886988814167,Candidate B,none,"66,000-68,000",4,1,0.9159418875848606,0.8949999809265137,0.03,0.9249999809265137,0.020941906658346943,-0.009058093341653084,True,1.0,0.0750000190734863,0.08108110337295742,4.624999904632569,0.3750000953674315,2026-02,2,1.0,1.0139999804086983,67684.14,4,True,False,True,spot_inside_favorite,central,False
2026-02-23,T-60,60,2026-02-23T16:00:00+00:00,historical_validation_visible,"64,000-66,000","64,000-66,000",4,0.7549999952316284,0.7908042250442532,0.035804229812624766,"62,000-64,000",0.019500000402331352,0.0,-0.019500000402331352,"66,000-68,000",0.2199999988079071,0.20919577495574682,-0.010804223852160288,Candidate B,none,"64,000-66,000",4,1,0.7908042250442532,0.7549999952316284,0.03,0.7849999952316284,0.035804229812624766,0.005804229812624739,True,1.0,0.21500000476837156,0.27388535805650793,3.9249999761581424,1.0750000238418578,2026-02,2,1.0,0.9994999946211465,65660.1,4,True,False,True,spot_inside_favorite,central,False
2026-02-24,T-60,60,2026-02-24T16:00:00+00:00,historical_validation_visible,"64,000-66,000","62,000-64,000",3,0.5640000104904175,0.5223824211773931,-0.041617589313024395,"60,000-62,000",0.006000000052154064,0.0,-0.006000000052154064,"64,000-66,000",0.44999998807907104,0.4776175788226069,0.02761759074353587,Candidate B,none,"64,000-66,000",4,1,0.4776175788226069,0.44999998807907104,0.03,0.47999998807907107,0.02761759074353587,-0.0023824092564641575,True,1.0,0.5200000119209289,1.0833333850734774,2.3999999403953556,2.6000000596046444,2026-02,2,1.0,1.0269999989541247,63973.97,3,True,False,False,spot_inside_favorite,central,False
2026-02-25,T-60,60,2026-02-25T16:00:00+00:00,historical_validation_visible,"68,000-70,000","66,000-68,000",5,0.9200000166893005,0.8907555620136189,-0.029244454675681597,"64,000-66,000",0.02500000037252903,0.0,-0.02500000037252903,"68,000-70,000",0.05649999901652336,0.10924443798638106,0.0527444389698577,Candidate B,none,"68,000-70,000",6,1,0.10924443798638106,0.05649999901652336,0.03,0.08649999901652336,0.0527444389698577,0.0227444389698577,True,1.0,0.9135000009834766,10.560693773059795,0.43249999508261683,4.567500004917383,2026-02,2,1.0,1.013500015833415,67412.33,5,True,False,False,spot_inside_favorite,central,False
2026-02-26,T-60,60,2026-02-26T16:00:00+00:00,historical_validation_visible,"66,000-68,000","66,000-68,000",5,0.8700000047683716,0.8507625315732491,-0.01923747319512248,"64,000-66,000",0.027499999850988388,0.0,-0.027499999850988388,"68,000-70,000",0.11050000041723251,0.1492374684267509,0.03873746800951838,Candidate B,none,"68,000-70,000",6,1,0.1492374684267509,0.11050000041723251,0.03,0.1405000004172325,0.03873746800951838,0.008737468009518384,False,0.0,-0.1405000004172325,-1.0,0.7025000020861626,-0.7025000020861626,2026-02,2,1.0,1.0195000051753595,67382.0,5,True,False,False,spot_inside_favorite,central,False
2026-02-27,T-60,60,2026-02-27T16:00:00+00:00,historical_validation_visible,"64,000-66,000","66,000-68,000",5,0.5950000286102295,0.5820696241012542,-0.012930404508975313,"64,000-66,000",0.38999998569488525,0.41793037589874577,0.02793039020386051,"68,000-70,000",0.006500000134110451,0.0,-0.006500000134110451,Candidate B,none,"64,000-66,000",4,1,0.41793037589874577,0.38999998569488525,0.03,0.4199999856948853,0.02793039020386051,-0.0020696097961395155,True,1.0,0.5800000143051147,1.3809524620471383,2.0999999284744266,2.9000000715255734,2026-02,2,1.0,1.001500014681369,66095.4,5,True,False,False,spot_inside_favorite,central,False
2026-03-01,T-60,60,2026-03-01T16:00:00+00:00,historical_validation_visible,"66,000-68,000","66,000-68,000",5,0.9549999833106995,1.0,0.04500001668930054,"64,000-66,000",0.0215000007301569,0.0,-0.0215000007301569,"68,000-70,000",0.01549999974668026,0.0,-0.01549999974668026,Candidate B,none,"66,000-68,000",5,1,1.0,0.9549999833106995,0.03,0.9849999833106995,0.04500001668930054,0.01500001668930051,True,1.0,0.01500001668930051,0.015228443597413788,4.924999916553498,0.07500008344650255,2026-03,2,1.0,0.9989999838871881,66842.42,5,True,False,True,spot_inside_favorite,central,False
2026-03-02,T-60,60,2026-03-02T16:00:00+00:00,historical_validation_visible,"68,000-70,000","68,000-70,000",7,0.7894999980926514,0.8179783385060604,0.02847834041340902,"66,000-68,000",0.09099999815225601,0.068425124312054,-0.022574873840202014,"70,000-72,000",0.0989999994635582,0.11359653718188567,0.014596537718327474,Candidate B,none,"68,000-70,000",7,1,0.8179783385060604,0.7894999980926514,0.03,0.8194999980926514,0.02847834041340902,-0.0015216595865910065,True,1.0,0.1805000019073486,0.22025625665339119,4.097499990463257,0.902500009536743,2026-03,2,1.0,1.0284999961731955,69130.2,7,True,False,True,spot_inside_favorite,central,False
2026-03-03,T-60,60,2026-03-03T16:00:00+00:00,historical_validation_visible,"68,000-70,000","66,000-68,000",6,0.6850000023841858,0.6867974045437127,0.0017974021595269507,"64,000-66,000",0.025499999523162842,0.0,-0.025499999523162842,"68,000-70,000",0.2800000011920929,0.31320259545628726,0.03320259426419436,Candidate B,none,"68,000-70,000",7,1,0.31320259545628726,0.2800000011920929,0.03,0.3100000011920929,0.03320259426419436,0.003202594264194336,True,1.0,0.6899999988079071,2.22580643920819,1.5500000059604646,3.449999994039535,2026-03,2,1.0,1.0040000032167882,67725.81,6,True,False,False,spot_inside_favorite,central,False
2026-03-04,T-60,60,2026-03-04T16:00:00+00:00,historical_validation_visible,"72,000-74,000","72,000-74,000",7,0.7174999713897705,0.8066089246688547,0.08910895327908419,"70,000-72,000",0.05000000074505806,0.0,-0.05000000074505806,"74,000-76,000",0.22300000488758087,0.1933910753311453,-0.02960892955643557,Candidate B,none,"72,000-74,000",7,1,0.8066089246688547,0.7174999713897705,0.03,0.7474999713897705,0.08910895327908419,0.059108953279084164,True,1.0,0.25250002861022947,0.33779269334388756,3.737499856948853,1.2625001430511473,2026-03,2,1.0,1.0034999772324227,73396.88,7,True,False,True,spot_inside_favorite,central,False
2026-03-05,T-60,60,2026-03-05T16:00:00+00:00,historical_validation_visible,"70,000-72,000","70,000-72,000",7,0.7735000252723694,0.7366804552926313,-0.03681956997973812,"68,000-70,000",0.027499999850988388,0.0,-0.027499999850988388,"72,000-74,000",0.20200000703334808,0.26331954470736874,0.06131953767402065,Candidate B,none,"72,000-74,000",8,1,0.26331954470736874,0.20200000703334808,0.03,0.23200000703334808,0.06131953767402065,0.03131953767402065,False,0.0,-0.23200000703334808,-1.0,1.1600000351667403,-1.1600000351667403,2026-03,2,1.0,1.013000032515265,71652.77,7,True,False,False,spot_inside_favorite,central,False
2026-03-06,T-60,60,2026-03-06T16:00:00+00:00,historical_validation_visible,"68,000-70,000","68,000-70,000",7,0.8199999928474426,0.8006087550279947,-0.01939123781944796,"66,000-68,000",0.17149999737739563,0.19939124497200533,0.027891247594609703,"70,000-72,000",0.013500000350177288,0.0,-0.013500000350177288,Candidate B,none,"66,000-68,000",6,1,0.19939124497200533,0.17149999737739563,0.03,0.20149999737739563,0.027891247594609703,-0.002108752405390296,False,0.0,-0.20149999737739563,-1.0,1.007499986886978,-1.007499986886978,2026-03,2,1.0,1.0184999909834005,68504.71,7,True,False,False,spot_inside_favorite,central,False
2026-03-08,T-60,60,2026-03-08T15:00:00+00:00,historical_validation_visible,"66,000-68,000","66,000-68,000",5,0.9150000214576721,1.0,0.08499997854232788,"64,000-66,000",0.009999999776482582,0.0,-0.009999999776482582,"68,000-70,000",0.05000000074505806,0.0,-0.05000000074505806,Candidate B,none,"66,000-68,000",5,1,1.0,0.9150000214576721,0.03,0.9450000214576721,0.08499997854232788,0.054999978542327854,True,1.0,0.054999978542327854,0.058201034172983224,4.725000107288361,0.27499989271163927,2026-03,2,1.0,0.9815000221715309,67339.76,5,True,False,True,spot_inside_favorite,central,False
2026-03-09,T-60,60,2026-03-09T15:00:00+00:00,historical_validation_visible,"68,000-70,000","68,000-70,000",5,0.8849999904632568,0.9191426306721961,0.03414264020893931,"66,000-68,000",0.0364999994635582,0.0,-0.0364999994635582,"70,000-72,000",0.07400000095367432,0.08085736932780385,0.0068573683741295355,Candidate B,none,"68,000-70,000",5,1,0.9191426306721961,0.8849999904632568,0.03,0.9149999904632569,0.03414264020893931,0.0041426402089392855,True,1.0,0.08500000953674314,0.09289618625428438,4.5749999523162845,0.4250000476837157,2026-03,2,1.0,1.0109999910346232,69151.5,5,True,False,True,spot_inside_favorite,central,False
2026-03-10,T-30,30,2026-03-10T15:30:00+00:00,historical_validation_visible,"70,000-72,000","70,000-72,000",6,0.8849999904632568,0.92121451690662,0.036214526443363204,"68,000-70,000",0.007000000216066837,0.0,-0.007000000216066837,"72,000-74,000",0.0989999994635582,0.07878548309337996,-0.020214516370178237,Candidate B,none,"70,000-72,000",6,1,0.92121451690662,0.8849999904632568,0.03,0.9149999904632569,0.036214526443363204,0.0062145264433631775,True,1.0,0.08500000953674314,0.09289618625428438,4.5749999523162845,0.4250000476837157,2026-03,2,1.0,0.9969999902532436,71348.01,6,True,False,True,spot_inside_favorite,central,False
2026-03-11,T-60,60,2026-03-11T15:00:00+00:00,historical_validation_visible,"70,000-72,000","70,000-72,000",4,0.8899999856948853,0.8193858442301704,-0.0706141414647149,"68,000-70,000",0.09000000357627869,0.18061415576982964,0.09061415219355096,"72,000-74,000",0.023499999195337296,0.0,-0.023499999195337296,Candidate B,none,"68,000-70,000",3,1,0.18061415576982964,0.09000000357627869,0.03,0.12000000357627869,0.09061415219355096,0.06061415219355096,False,0.0,-0.12000000357627869,-1.0,0.6000000178813935,-0.6000000178813935,2026-03,2,1.0,1.0114999887300655,70578.7,4,True,False,False,spot_inside_favorite,central,False
2026-03-13,T-60,60,2026-03-13T15:00:00+00:00,historical_validation_visible,"70,000-72,000","72,000-74,000",7,0.7400000095367432,0.7641378392657759,0.024137829729032778,"70,000-72,000",0.22499999403953552,0.23586216073422406,0.010862166694688535,"74,000-76,000",0.03849999979138374,0.0,-0.03849999979138374,Candidate B,none,"72,000-74,000",7,1,0.7641378392657759,0.7400000095367432,0.03,0.7700000095367432,0.024137829729032778,-0.0058621702709672485,False,0.0,-0.7700000095367432,-1.0,3.850000047683716,-3.850000047683716,2026-03,3,1.0,1.0130000034114346,72382.72,7,True,False,True,spot_inside_favorite,central,False
2026-03-16,T-60,60,2026-03-16T15:00:00+00:00,historical_validation_visible,"72,000-74,000","72,000-74,000",7,0.8550000190734863,0.7938532486846823,-0.061146770388804006,"70,000-72,000",0.014000000432133675,0.0,-0.014000000432133675,"74,000-76,000",0.125,0.20614675131531768,0.08114675131531768,Candidate B,none,"74,000-76,000",8,1,0.20614675131531768,0.125,0.03,0.155,0.08114675131531768,0.05114675131531768,False,0.0,-0.155,-1.0,0.775,-0.775,2026-03,3,1.0,1.0010000196052715,73565.54,7,True,False,False,spot_inside_favorite,central,False
2026-03-17,T-30,30,2026-03-17T15:30:00+00:00,historical_validation_visible,"72,000-74,000","74,000-76,000",7,0.6000000238418579,0.5732774318392164,-0.026722592002641488,"72,000-74,000",0.4050000011920929,0.4267225681607835,0.021722566968690626,"76,000-78,000",0.004000000189989805,0.0,-0.004000000189989805,Candidate B,none,"72,000-74,000",6,1,0.4267225681607835,0.4050000011920929,0.03,0.4350000011920929,0.021722566968690626,-0.0082774330313094,True,1.0,0.5649999988079071,1.2988505684127736,2.175000005960465,2.824999994039535,2026-03,3,1.0,1.0130000254139304,74054.35,7,True,False,False,spot_inside_favorite,central,False
2026-03-18,T-60,60,2026-03-18T15:00:00+00:00,historical_validation_visible,"70,000-72,000","70,000-72,000",5,0.9049999713897705,1.0,0.09500002861022949,"68,000-70,000",0.0215000007301569,0.0,-0.0215000007301569,"72,000-74,000",0.07500000298023224,0.0,-0.07500000298023224,Candidate B,none,"70,000-72,000",5,1,1.0,0.9049999713897705,0.03,0.9349999713897705,0.09500002861022949,0.06500002861022947,True,1.0,0.06500002861022947,0.06951874930393244,4.674999856948853,0.3250001430511473,2026-03,3,1.0,1.0064999752794392,71193.23,5,True,False,True,spot_inside_favorite,central,False
2026-03-19,T-60,60,2026-03-19T15:00:00+00:00,historical_validation_visible,"68,000-70,000","68,000-70,000",4,0.7954999804496765,0.8549714244044151,0.05947144395473858,"66,000-68,000",0.016499999910593033,0.0,-0.016499999910593033,"70,000-72,000",0.1899999976158142,0.1450285755955849,-0.0449714220202293,Candidate B,none,"68,000-70,000",4,1,0.8549714244044151,0.7954999804496765,0.03,0.8254999804496765,0.05947144395473858,0.029471443954738552,True,1.0,0.17450001955032346,0.2113870668479818,4.127499902248383,0.8725000977516173,2026-03,3,1.0,1.0179999781539664,69482.25,4,True,False,True,spot_inside_favorite,central,False
2026-03-20,T-60,60,2026-03-20T15:00:00+00:00,historical_validation_visible,"68,000-70,000","68,000-70,000",4,0.675000011920929,0.7496491077696565,0.07464909584872759,"66,000-68,000",0.004000000189989805,0.0,-0.004000000189989805,"70,000-72,000",0.32499998807907104,0.25035089223034346,-0.07464909584872759,Candidate B,none,"68,000-70,000",4,1,0.7496491077696565,0.675000011920929,0.03,0.705000011920929,0.07464909584872759,0.04464909584872756,True,1.0,0.294999988079071,0.418439692327491,3.525000059604645,1.474999940395355,2026-03,3,1.0,1.0090000003692694,69731.21,4,True,False,True,spot_inside_favorite,central,False
2026-03-22,T-60,60,2026-03-22T15:00:00+00:00,historical_validation_visible,"68,000-70,000","68,000-70,000",4,0.9595000147819519,1.0,0.040499985218048096,"66,000-68,000",0.03150000050663948,0.0,-0.03150000050663948,"70,000-72,000",0.003000000026077032,0.0,-0.003000000026077032,Candidate B,none,"68,000-70,000",4,1,1.0,0.9595000147819519,0.03,0.9895000147819519,0.040499985218048096,0.010499985218048069,True,1.0,0.010499985218048069,0.010611404811713788,4.94750007390976,0.052499926090240345,2026-03,3,1.0,0.9980000155046582,68711.66,4,True,False,True,spot_inside_favorite,central,False
2026-03-23,T-60,60,2026-03-23T15:00:00+00:00,historical_validation_visible,"70,000-72,000","70,000-72,000",4,0.8050000071525574,0.8411767154395334,0.036176708286976056,"68,000-70,000",0.013000000268220901,0.0,-0.013000000268220901,"72,000-74,000",0.18199999630451202,0.15882328456046657,-0.023176711744045453,Candidate B,none,"70,000-72,000",4,1,0.8411767154395334,0.8050000071525574,0.03,0.8350000071525574,0.036176708286976056,0.006176708286976029,True,1.0,0.1649999928474426,0.19760478016055458,4.175000035762787,0.824999964237213,2026-03,3,1.0,1.0110000042477623,71446.46,4,True,False,True,spot_inside_favorite,central,False
2026-03-24,T-60,60,2026-03-24T15:00:00+00:00,historical_validation_visible,"68,000-70,000","68,000-70,000",3,0.5350000262260437,0.621653261180342,0.08665323495429833,"66,000-68,000",0.006000000052154064,0.0,-0.006000000052154064,"70,000-72,000",0.4699999988079071,0.37834673881965797,-0.09165325998824914,Candidate B,none,"68,000-70,000",3,1,0.621653261180342,0.5350000262260437,0.03,0.5650000262260437,0.08665323495429833,0.056653234954298304,True,1.0,0.43499997377395627,0.7699114222694259,2.825000131130219,2.174999868869781,2026-03,3,1.0,1.0185000254423358,69869.93,3,True,False,True,spot_inside_favorite,central,False
2026-03-25,T-60,60,2026-03-25T15:00:00+00:00,historical_validation_visible,"70,000-72,000","70,000-72,000",5,0.9150000214576721,1.0,0.08499997854232788,"68,000-70,000",0.009999999776482582,0.0,-0.009999999776482582,"72,000-74,000",0.07500000298023224,0.0,-0.07500000298023224,Candidate B,none,"70,000-72,000",5,1,1.0,0.9150000214576721,0.03,0.9450000214576721,0.08499997854232788,0.054999978542327854,True,1.0,0.054999978542327854,0.058201034172983224,4.725000107288361,0.27499989271163927,2026-03,3,1.0,1.0040000244043767,71234.28,5,True,False,True,spot_inside_favorite,central,False
2026-03-26,T-60,60,2026-03-26T15:00:00+00:00,historical_validation_visible,"68,000-70,000","68,000-70,000",5,0.8349999785423279,0.9302615066510819,0.09526152810875399,"66,000-68,000",0.00800000037997961,0.0,-0.00800000037997961,"70,000-72,000",0.17000000178813934,0.06973849334891813,-0.10026150843922121,Candidate B,none,"68,000-70,000",5,1,0.9302615066510819,0.8349999785423279,0.03,0.8649999785423279,0.09526152810875399,0.06526152810875396,True,1.0,0.1350000214576721,0.1560693928399514,4.32499989271164,0.6750001072883605,2026-03,3,1.0,1.0189999808790162,69479.92,5,True,False,True,spot_inside_favorite,central,False
2026-03-27,T-60,60,2026-03-27T15:00:00+00:00,historical_validation_visible,"66,000-68,000","66,000-68,000",4,0.6800000071525574,0.7215165060758868,0.041516498923329426,"64,000-66,000",0.3165000081062317,0.27848349392411315,-0.038016514182118544,"68,000-70,000",0.0024999999441206455,0.0,-0.0024999999441206455,Candidate B,none,"66,000-68,000",4,1,0.7215165060758868,0.6800000071525574,0.03,0.7100000071525574,0.041516498923329426,0.011516498923329399,True,1.0,0.2899999928474426,0.40845069003658535,3.550000035762787,1.449999964237213,2026-03,3,1.0,1.0060000154771842,66205.06,4,True,False,True,spot_inside_favorite,central,False
2026-03-29,T-30,30,2026-03-29T15:30:00+00:00,historical_validation_visible,"66,000-68,000","66,000-68,000",4,0.9595000147819519,1.0,0.040499985218048096,"64,000-66,000",0.04050000011920929,0.0,-0.04050000011920929,"68,000-70,000",0.0044999998062849045,0.0,-0.0044999998062849045,Candidate B,none,"66,000-68,000",4,1,1.0,0.9595000147819519,0.03,0.9895000147819519,0.040499985218048096,0.010499985218048069,True,1.0,0.010499985218048069,0.010611404811713788,4.94750007390976,0.052499926090240345,2026-03,3,1.0,1.008500014897436,66420.74,4,True,False,True,spot_inside_favorite,central,False
2026-03-30,T-60,60,2026-03-30T15:00:00+00:00,historical_validation_visible,"66,000-68,000","66,000-68,000",3,0.7200000286102295,0.7410803551283265,0.021080326518096992,"64,000-66,000",0.0035000001080334187,0.0,-0.0035000001080334187,"68,000-70,000",0.2800000011920929,0.2589196448716735,-0.02108035632041938,Candidate B,none,"66,000-68,000",3,1,0.7410803551283265,0.7200000286102295,0.03,0.7500000286102295,0.021080326518096992,-0.008919673481903034,True,1.0,0.24999997138977048,0.33333328247070504,3.750000143051148,1.2499998569488524,2026-03,3,1.0,1.0090000301133841,67799.54,3,True,False,True,spot_inside_favorite,central,False
2026-04-02,T-60,60,2026-04-02T15:00:00+00:00,historical_validation_visible,"66,000-68,000","66,000-68,000",4,0.9649999737739563,1.0,0.0350000262260437,"64,000-66,000",0.029500000178813934,0.0,-0.029500000178813934,"68,000-70,000",0.01600000075995922,0.0,-0.01600000075995922,Candidate B,none,"66,000-68,000",4,1,1.0,0.9649999737739563,0.03,0.9949999737739563,0.0350000262260437,0.0050000262260436745,True,1.0,0.0050000262260436745,0.005025152118425661,4.974999868869782,0.025000131130218373,2026-04,3,1.0,1.015499974892009,66868.18,4,True,False,True,spot_inside_favorite,central,False
2026-04-06,T-60,60,2026-04-06T15:00:00+00:00,historical_validation_visible,"68,000-70,000","68,000-70,000",6,0.824999988079071,0.8468005643779731,0.021800576298902086,"66,000-68,000",0.0024999999441206455,0.0,-0.0024999999441206455,"70,000-72,000",0.17800000309944153,0.15319943562202687,-0.02480056747741466,Candidate B,none,"68,000-70,000",6,1,0.8468005643779731,0.824999988079071,0.03,0.8549999880790711,0.021800576298902086,-0.008199423701097941,True,1.0,0.14500001192092893,0.16959065958199665,4.274999940395356,0.7250000596046446,2026-04,3,1.0,1.009499991312623,69654.38,6,True,False,True,spot_inside_favorite,central,False
2026-04-07,T-60,60,2026-04-07T15:00:00+00:00,historical_validation_visible,"68,000-70,000","66,000-68,000",5,0.6200000047683716,0.6716021327755058,0.05160212800713426,"64,000-66,000",0.007000000216066837,0.0,-0.007000000216066837,"68,000-70,000",0.3700000047683716,0.32839786722449416,-0.04160213754387743,Candidate B,none,"66,000-68,000",5,1,0.6716021327755058,0.6200000047683716,0.03,0.6500000047683716,0.05160212800713426,0.021602128007134236,False,0.0,-0.6500000047683716,-1.0,3.2500000238418583,-3.2500000238418583,2026-04,3,1.0,1.0025000099558383,67860.48,5,True,False,True,spot_inside_favorite,central,False
2026-04-08,T-60,60,2026-04-08T15:00:00+00:00,historical_validation_visible,"70,000-72,000","70,000-72,000",6,0.9449999928474426,1.0,0.05500000715255737,"68,000-70,000",0.039500001817941666,0.0,-0.039500001817941666,"72,000-74,000",0.008999999612569809,0.0,-0.008999999612569809,Candidate B,none,"70,000-72,000",6,1,1.0,0.9449999928474426,0.03,0.9749999928474427,0.05500000715255737,0.025000007152557346,True,1.0,0.025000007152557346,0.025641033165083392,4.8749999642372135,0.12500003576278673,2026-04,3,1.0,1.0004999943776056,70912.88,6,True,False,True,spot_inside_favorite,central,False
2026-04-09,T-60,60,2026-04-09T15:00:00+00:00,historical_validation_visible,"72,000-74,000","70,000-72,000",7,0.9679999947547913,1.0,0.03200000524520874,"68,000-70,000",0.014499999582767487,0.0,-0.014499999582767487,"72,000-74,000",0.02800000086426735,0.0,-0.02800000086426735,Candidate B,none,"70,000-72,000",7,1,1.0,0.9679999947547913,0.03,0.9979999947547913,0.03200000524520874,0.0020000052452087136,False,0.0,-0.9979999947547913,-1.0,4.989999973773957,-4.989999973773957,2026-04,3,1.0,1.014499995391816,71123.71,7,True,False,True,spot_inside_favorite,central,False
2026-04-10,T-60,60,2026-04-10T15:00:00+00:00,historical_validation_visible,"72,000-74,000","72,000-74,000",8,0.9334999918937683,1.0,0.06650000810623169,"70,000-72,000",0.03849999979138374,0.0,-0.03849999979138374,"74,000-76,000",0.025499999523162842,0.0,-0.025499999523162842,Candidate B,none,"72,000-74,000",8,1,1.0,0.9334999918937683,0.03,0.9634999918937683,0.06650000810623169,0.03650000810623166,True,1.0,0.03650000810623166,0.03788272798476163,4.817499959468842,0.18250004053115831,2026-04,3,1.0,1.0014999913983047,72909.0,8,True,False,True,spot_inside_favorite,central,False
2026-04-12,T-60,60,2026-04-12T15:00:00+00:00,historical_validation_visible,"70,000-72,000","70,000-72,000",7,0.9664999842643738,1.0,0.03350001573562622,"68,000-70,000",0.029999999329447746,0.0,-0.029999999329447746,"72,000-74,000",0.0020000000949949026,0.0,-0.0020000000949949026,Candidate B,none,"70,000-72,000",7,1,1.0,0.9664999842643738,0.03,0.9964999842643738,0.03350001573562622,0.003500015735626194,True,1.0,0.003500015735626194,0.0035123088719463858,4.982499921321869,0.01750007867813097,2026-04,3,1.0,1.0024999838788062,70748.34,7,True,False,True,spot_inside_favorite,central,False
2026-04-14,T-60,60,2026-04-14T15:00:00+00:00,historical_validation_visible,"74,000-76,000","74,000-76,000",8,0.9315000176429749,1.0,0.06849998235702515,"72,000-74,000",0.020999999716877937,0.0,-0.020999999716877937,"76,000-78,000",0.04650000110268593,0.0,-0.04650000110268593,Candidate B,none,"74,000-76,000",8,1,1.0,0.9315000176429749,0.03,0.9615000176429749,0.06849998235702515,0.03849998235702512,True,1.0,0.03849998235702512,0.04004158257989858,4.807500088214875,0.1924999117851256,2026-04,3,1.0,1.0045000187237747,75013.62,8,True,False,True,spot_inside_favorite,central,False
2026-04-15,T-60,60,2026-04-15T15:00:00+00:00,historical_validation_visible,"72,000-74,000","74,000-76,000",7,0.6449999809265137,0.6664359742389643,0.021435993312450607,"72,000-74,000",0.3449999988079071,0.3335640257610358,-0.011435973046871328,"76,000-78,000",0.005499999970197678,0.0,-0.005499999970197678,Candidate B,none,"74,000-76,000",7,1,0.6664359742389643,0.6449999809265137,0.03,0.6749999809265137,0.021435993312450607,-0.00856400668754942,False,0.0,-0.6749999809265137,-1.0,3.3749999046325687,-3.3749999046325687,2026-04,3,1.0,1.0014999798149802,74151.81,7,True,False,True,spot_inside_favorite,central,False
2026-04-16,T-60,60,2026-04-16T15:00:00+00:00,historical_validation_visible,"74,000-76,000","72,000-74,000",5,0.5600000023841858,0.5253342940229359,-0.034665708361249936,"70,000-72,000",0.0024999999441206455,0.0,-0.0024999999441206455,"74,000-76,000",0.42500001192092896,0.47466570597706415,0.04966569405613519,Candidate B,none,"74,000-76,000",6,1,0.47466570597706415,0.42500001192092896,0.03,0.455000011920929,0.04966569405613519,0.019665694056135163,True,1.0,0.544999988079071,1.1978021402201249,2.275000059604645,2.724999940395355,2026-04,3,1.0,0.9930000144522637,73973.33,5,True,False,False,spot_inside_favorite,central,False
2026-04-17,T-60,60,2026-04-17T15:00:00+00:00,historical_validation_visible,"76,000-78,000","76,000-78,000",7,0.5429999828338623,0.575116898444191,0.0321169156103287,"74,000-76,000",0.006500000134110451,0.0,-0.006500000134110451,"78,000-80,000",0.46000000834465027,0.424883101555809,-0.03511690678884127,Candidate B,none,"76,000-78,000",7,1,0.575116898444191,0.5429999828338623,0.03,0.5729999828338623,0.0321169156103287,0.0021169156103286735,True,1.0,0.42700001716613767,0.7452007503636237,2.864999914169312,2.135000085830688,2026-04,3,1.0,1.021999991091434,77886.77,7,True,False,True,spot_inside_favorite,central,False
2026-04-20,T-60,60,2026-04-20T15:00:00+00:00,historical_validation_visible,"74,000-76,000","74,000-76,000",7,0.9350000023841858,1.0,0.06499999761581421,"72,000-74,000",0.023000000044703484,0.0,-0.023000000044703484,"76,000-78,000",0.02500000037252903,0.0,-0.02500000037252903,Candidate B,none,"74,000-76,000",7,1,1.0,0.9350000023841858,0.03,0.9650000023841858,0.06499999761581421,0.03499999761581418,True,1.0,0.03499999761581418,0.03626942749154521,4.825000011920929,0.1749999880790709,2026-04,3,1.0,0.9875000030151568,75034.79,7,True,False,True,spot_inside_favorite,central,False
2026-04-21,T-60,60,2026-04-21T15:00:00+00:00,historical_validation_visible,"74,000-76,000","74,000-76,000",5,0.7099999785423279,0.8031111510201511,0.09311117247782319,"72,000-74,000",0.005499999970197678,0.0,-0.005499999970197678,"76,000-78,000",0.2800000011920929,0.19688884897984893,-0.08311115221224397,Candidate B,none,"74,000-76,000",5,1,0.8031111510201511,0.7099999785423279,0.03,0.7399999785423279,0.09311117247782319,0.06311117247782316,True,1.0,0.2600000214576721,0.35135139053629055,3.6999998927116398,1.3000001072883605,2026-04,4,1.0,1.0029999800608493,75675.05,5,True,False,True,spot_inside_favorite,central,False
2026-04-23,T-60,60,2026-04-23T15:00:00+00:00,engineering,"78,000-80,000","78,000-80,000",7,0.7049999833106995,0.7307439430388991,0.02574395972819965,"76,000-78,000",0.3050000071525574,0.26925605696110094,-0.03574395019145643,"80,000-82,000",0.0005000000237487257,0.0,-0.0005000000237487257,Candidate B,none,"78,000-80,000",7,1,0.7307439430388991,0.7049999833106995,0.03,0.7349999833106995,0.02574395972819965,-0.0042560402718003765,True,1.0,0.2650000166893005,0.3605442485803154,3.6749999165534977,1.3250000834465026,2026-04,4,1.0,1.0164999905973673,78180.77,7,True,False,True,spot_inside_favorite,central,False
2026-04-24,T-60,60,2026-04-24T15:00:00+00:00,engineering,"76,000-78,000","78,000-80,000",6,0.5299999713897705,0.5503322155615883,0.02033224417181778,"76,000-78,000",0.4749999940395355,0.4496677844384117,-0.025332209601123812,"80,000-82,000",0.0020000000949949026,0.0,-0.0020000000949949026,Candidate B,none,"78,000-80,000",6,1,0.5503322155615883,0.5299999713897705,0.03,0.5599999713897705,0.02033224417181778,-0.009667755828182245,False,0.0,-0.5599999713897705,-1.0,2.799999856948853,-2.799999856948853,2026-04,4,1.0,1.013499965716619,78037.64,6,True,False,True,spot_inside_favorite,central,False
2026-04-26,T-60,60,2026-04-26T15:00:00+00:00,engineering,"78,000-80,000","78,000-80,000",7,0.6949999928474426,0.7293856030256104,0.03438561017816777,"76,000-78,000",0.3050000071525574,0.2706143969743896,-0.03438561017816777,"80,000-82,000",0.0010000000474974513,0.0,-0.0010000000474974513,Candidate B,none,"78,000-80,000",7,1,0.7293856030256104,0.6949999928474426,0.03,0.7249999928474427,0.03438561017816777,0.004385610178167743,True,1.0,0.27500000715255735,0.3793103584353054,3.6249999642372135,1.3750000357627867,2026-04,4,1.0,1.0050000002374873,78095.66,7,True,False,True,spot_inside_favorite,central,False
2026-04-27,T-60,60,2026-04-27T15:00:00+00:00,engineering,"76,000-78,000","76,000-78,000",6,0.7300000190734863,0.7731144249510487,0.04311440587756232,"74,000-76,000",0.0044999998062849045,0.0,-0.0044999998062849045,"78,000-80,000",0.2750000059604645,0.22688557504895135,-0.04811443091151313,Candidate B,none,"76,000-78,000",6,1,0.7731144249510487,0.7300000190734863,0.03,0.7600000190734864,0.04311440587756232,0.013114405877562296,True,1.0,0.23999998092651365,0.31578944066224746,3.800000095367432,1.1999999046325682,2026-04,4,1.0,1.0145000250195153,77815.25,6,True,False,True,spot_inside_favorite,central,False
2026-04-28,T-60,60,2026-04-28T15:00:00+00:00,engineering,"76,000-78,000","74,000-76,000",5,0.699999988079071,0.5734154883306781,-0.12658449974839292,"72,000-74,000",0.004999999888241291,0.0,-0.004999999888241291,"76,000-78,000",0.30000001192092896,0.4265845116693219,0.12658449974839292,Candidate B,none,"76,000-78,000",6,1,0.4265845116693219,0.30000001192092896,0.03,0.330000011920929,0.12658449974839292,0.0965844997483929,True,1.0,0.669999988079071,2.0303029208362853,1.650000059604645,3.349999940395355,2026-04,4,1.0,1.0095000001019798,75949.99,5,True,False,False,spot_inside_favorite,central,False
2026-04-30,T-60,60,2026-04-30T15:00:00+00:00,engineering,"76,000-78,000","76,000-78,000",4,0.8500000238418579,0.8322339476772405,-0.01776607616461745,"74,000-76,000",0.14499999582767487,0.1677660523227595,0.022766056495084647,"78,000-80,000",0.0044999998062849045,0.0,-0.0044999998062849045,Candidate B,none,"74,000-76,000",3,1,0.1677660523227595,0.14499999582767487,0.03,0.17499999582767486,0.022766056495084647,-0.007233943504915352,False,0.0,-0.17499999582767486,-1.0,0.8749999791383744,-0.8749999791383744,2026-04,4,1.0,1.0045000196550973,76301.24,4,True,False,False,spot_inside_favorite,central,False
2026-05-01,T-30,30,2026-05-01T15:30:00+00:00,engineering,"78,000-80,000","78,000-80,000",5,0.9599999785423279,1.0,0.04000002145767212,"76,000-78,000",0.035999998450279236,0.0,-0.035999998450279236,"80,000-82,000",0.0035000001080334187,0.0,-0.0035000001080334187,Candidate B,none,"78,000-80,000",5,1,1.0,0.9599999785423279,0.03,0.9899999785423279,0.04000002145767212,0.010000021457672092,True,1.0,0.010000021457672092,0.010101031994360328,4.94999989271164,0.05000010728836046,2026-05,4,1.0,1.0034999772906303,78536.02,5,True,False,True,spot_inside_favorite,central,False
2026-05-04,T-60,60,2026-05-04T15:00:00+00:00,engineering,"80,000-82,000","80,000-82,000",7,0.6915000081062317,0.7152077136167744,0.023707705510542687,"78,000-80,000",0.3050000071525574,0.2847922863832256,-0.02020772076933175,"82,000-84,000",0.007499999832361937,0.0,-0.007499999832361937,Candidate B,none,"80,000-82,000",7,1,0.7152077136167744,0.6915000081062317,0.03,0.7215000081062317,0.023707705510542687,-0.00629229448945734,True,1.0,0.2784999918937683,0.3860013704293163,3.607500040531159,1.3924999594688414,2026-05,4,1.0,1.0090000152704306,80216.16,7,True,False,True,spot_inside_favorite,central,False
2026-05-05,T-60,60,2026-05-05T15:00:00+00:00,engineering,"80,000-82,000","80,000-82,000",7,0.925000011920929,1.0,0.07499998807907104,"78,000-80,000",0.011500000022351742,0.0,-0.011500000022351742,"82,000-84,000",0.05849999934434891,0.0,-0.05849999934434891,Candidate B,none,"80,000-82,000",7,1,1.0,0.925000011920929,0.03,0.955000011920929,0.07499998807907104,0.04499998807907102,True,1.0,0.04499998807907102,0.047120405777331946,4.775000059604645,0.2249999403953551,2026-05,4,1.0,1.0000000114669092,81336.59,7,True,False,True,spot_inside_favorite,central,False
2026-05-06,T-30,30,2026-05-06T15:30:00+00:00,engineering,"80,000-82,000","80,000-82,000",8,0.8709999918937683,0.9172034582822929,0.04620346638852457,"78,000-80,000",0.0005000000237487257,0.0,-0.0005000000237487257,"82,000-84,000",0.125,0.08279654171770712,-0.04220345828229288,Candidate B,none,"80,000-82,000",8,1,0.9172034582822929,0.8709999918937683,0.03,0.9009999918937683,0.04620346638852457,0.016203466388524546,True,1.0,0.09900000810623166,0.10987792341501394,4.504999959468842,0.4950000405311583,2026-05,4,1.0,1.0004999921075068,81659.76,8,True,False,True,spot_inside_favorite,central,False
2026-05-07,T-60,60,2026-05-07T15:00:00+00:00,engineering,"78,000-80,000","80,000-82,000",7,0.6650000214576721,0.7521796407654864,0.08717961930781426,"78,000-80,000",0.3449999988079071,0.24782035923451368,-0.09717963957339343,"82,000-84,000",0.0024999999441206455,0.0,-0.0024999999441206455,Candidate B,none,"80,000-82,000",7,1,0.7521796407654864,0.6650000214576721,0.03,0.6950000214576721,0.08717961930781426,0.05717961930781423,False,0.0,-0.6950000214576721,-1.0,3.475000107288361,-3.475000107288361,2026-05,4,1.0,1.0185000203200616,80171.38,7,True,False,True,spot_inside_favorite,central,False
2026-05-08,T-60,60,2026-05-08T15:00:00+00:00,engineering,"80,000-82,000","80,000-82,000",6,0.625,0.6703512058069729,0.04535120580697294,"78,000-80,000",0.35499998927116394,0.3296487941930271,-0.025351195078136823,"82,000-84,000",0.0020000000949949026,0.0,-0.0020000000949949026,Candidate B,none,"80,000-82,000",6,1,0.6703512058069729,0.625,0.03,0.655,0.04535120580697294,0.015351205806972912,True,1.0,0.345,0.5267175572519084,3.2750000000000004,1.7249999999999999,2026-05,4,1.0,0.9889999896404333,80150.97,6,True,False,True,spot_inside_favorite,central,False
2026-05-11,T-60,60,2026-05-11T15:00:00+00:00,engineering,"80,000-82,000","80,000-82,000",5,0.9649999737739563,1.0,0.0350000262260437,"78,000-80,000",0.023000000044703484,0.0,-0.023000000044703484,"82,000-84,000",0.012500000186264515,0.0,-0.012500000186264515,Candidate B,none,"80,000-82,000",5,1,1.0,0.9649999737739563,0.03,0.9949999737739563,0.0350000262260437,0.0050000262260436745,True,1.0,0.0050000262260436745,0.005025152118425661,4.974999868869782,0.025000131130218373,2026-05,4,1.0,1.0064999741734937,80953.38,5,True,False,True,spot_inside_favorite,central,False
2026-05-12,T-30,30,2026-05-12T15:30:00+00:00,engineering,"80,000-82,000","80,000-82,000",5,0.7950000166893005,0.8589488689857716,0.06394885229647107,"78,000-80,000",0.20999999344348907,0.14105113101422834,-0.06894886242926074,"82,000-84,000",0.001500000013038516,0.0,-0.001500000013038516,Candidate B,none,"80,000-82,000",5,1,0.8589488689857716,0.7950000166893005,0.03,0.8250000166893006,0.06394885229647107,0.033948852296471044,True,1.0,0.17499998331069944,0.21212118760066082,4.125000083446503,0.8749999165534972,2026-05,4,1.0,1.010500010335818,80222.0,5,True,False,True,spot_inside_favorite,central,False
2026-05-13,T-60,60,2026-05-13T15:00:00+00:00,engineering,"78,000-80,000","78,000-80,000",4,0.8149999976158142,0.7951555255687477,-0.01984447204706652,"76,000-78,000",0.007000000216066837,0.0,-0.007000000216066837,"80,000-82,000",0.18000000715255737,0.2048444744312523,0.024844467278694937,Candidate B,none,"80,000-82,000",5,1,0.2048444744312523,0.18000000715255737,0.03,0.21000000715255737,0.024844467278694937,-0.005155532721305062,False,0.0,-0.21000000715255737,-1.0,1.0500000357627868,-1.0500000357627868,2026-05,4,1.0,1.0100000052480027,79756.01,4,True,False,False,spot_inside_favorite,central,False
2026-05-14,T-60,60,2026-05-14T15:00:00+00:00,engineering,"80,000-82,000","80,000-82,000",6,0.9649999737739563,1.0,0.0350000262260437,"78,000-80,000",0.02500000037252903,0.0,-0.02500000037252903,"82,000-84,000",0.01549999974668026,0.0,-0.01549999974668026,Candidate B,none,"80,000-82,000",6,1,1.0,0.9649999737739563,0.03,0.9949999737739563,0.0350000262260437,0.0050000262260436745,True,1.0,0.0050000262260436745,0.005025152118425661,4.974999868869782,0.025000131130218373,2026-05,4,1.0,1.012499973992817,80964.85,6,True,False,True,spot_inside_favorite,central,False
2026-05-15,T-60,60,2026-05-15T15:00:00+00:00,engineering,"78,000-80,000","78,000-80,000",4,0.9449999928474426,1.0,0.05500000715255737,"76,000-78,000",0.007499999832361937,0.0,-0.007499999832361937,"80,000-82,000",0.04149999842047691,0.0,-0.04149999842047691,Candidate B,none,"78,000-80,000",4,1,1.0,0.9449999928474426,0.03,0.9749999928474427,0.05500000715255737,0.025000007152557346,True,1.0,0.025000007152557346,0.025641033165083392,4.8749999642372135,0.12500003576278673,2026-05,4,1.0,1.0024999914458022,79150.37,4,True,False,True,spot_inside_favorite,central,False
2026-05-17,T-60,60,2026-05-17T15:00:00+00:00,engineering,"78,000-80,000","78,000-80,000",4,0.6000000238418579,0.6225333732304413,0.022533349388583424,"76,000-78,000",0.4009999930858612,0.37746662676955867,-0.02353336631630254,"80,000-82,000",0.0005000000237487257,0.0,-0.0005000000237487257,Candidate B,none,"78,000-80,000",4,1,0.6225333732304413,0.6000000238418579,0.03,0.6300000238418579,0.022533349388583424,-0.007466650611416603,True,1.0,0.36999997615814206,0.5873015272314007,3.15000011920929,1.8499998807907103,2026-05,4,1.0,1.0060000171652064,78051.51,4,True,False,True,spot_inside_favorite,central,False
2026-05-18,T-60,60,2026-05-18T15:00:00+00:00,engineering,"76,000-78,000","76,000-78,000",3,0.8149999976158142,0.8053539326394071,-0.009646064976407076,"74,000-76,000",0.17100000381469727,0.1946460673605929,0.02364606354589563,"78,000-80,000",0.008500000461935997,0.0,-0.008500000461935997,Candidate B,none,"74,000-76,000",2,1,0.1946460673605929,0.17100000381469727,0.03,0.20100000381469726,0.02364606354589563,-0.00635393645410437,False,0.0,-0.20100000381469726,-1.0,1.0050000190734862,-1.0050000190734862,2026-05,4,1.0,1.0010000020847656,76393.65,3,True,False,False,spot_inside_favorite,central,False
2026-05-19,T-60,60,2026-05-19T15:00:00+00:00,engineering,"76,000-78,000","76,000-78,000",3,0.8650000095367432,0.8874595784121146,0.022459568875371483,"74,000-76,000",0.13950000703334808,0.11254042158788535,-0.02695958544546273,"78,000-80,000",0.004000000189989805,0.0,-0.004000000189989805,Candidate B,none,"76,000-78,000",3,1,0.8874595784121146,0.8650000095367432,0.03,0.8950000095367432,0.022459568875371483,-0.007540431124628544,True,1.0,0.10499999046325681,0.11731842384851524,4.475000047683716,0.524999952316284,2026-05,4,1.0,1.0155000170343556,76392.43,3,True,False,True,spot_inside_favorite,central,False
2026-05-20,T-30,30,2026-05-20T15:30:00+00:00,engineering,"76,000-78,000","76,000-78,000",4,0.8884999752044678,0.9373280074236202,0.04882803221915244,"74,000-76,000",0.0005000000237487257,0.0,-0.0005000000237487257,"78,000-80,000",0.10899999737739563,0.06267199257637979,-0.04632800480101584,Candidate B,none,"76,000-78,000",4,1,0.9373280074236202,0.8884999752044678,0.03,0.9184999752044678,0.04882803221915244,0.018828032219152413,True,1.0,0.0815000247955322,0.0887316570448349,4.592499876022339,0.407500123977661,2026-05,4,1.0,1.0024999728193507,77553.46,4,True,False,True,spot_inside_favorite,central,False
2026-05-23,T-60,60,2026-05-23T15:00:00+00:00,engineering,"74,000-76,000","74,000-76,000",3,0.9610000252723694,1.0,0.038999974727630615,"72,000-74,000",0.003000000026077032,0.0,-0.003000000026077032,"76,000-78,000",0.03550000116229057,0.0,-0.03550000116229057,Candidate B,none,"74,000-76,000",3,1,1.0,0.9610000252723694,0.03,0.9910000252723694,0.038999974727630615,0.008999974727630589,True,1.0,0.008999974727630589,0.009081709887098145,4.955000126361847,0.04499987363815294,2026-05,4,1.0,1.0120000262395479,75537.72,3,True,False,True,spot_inside_favorite,central,False
2026-05-28,T-60,60,2026-05-28T15:00:00+00:00,engineering,"72,000-74,000","72,000-74,000",3,0.9670000076293945,1.0,0.03299999237060547,"70,000-72,000",0.014999999664723873,0.0,-0.014999999664723873,"74,000-76,000",0.017500000074505806,0.0,-0.017500000074505806,Candidate B,none,"72,000-74,000",3,1,1.0,0.9670000076293945,0.03,0.9970000076293946,0.03299999237060547,0.002999992370605442,True,1.0,0.002999992370605442,0.003009019405866044,4.985000038146973,0.01499996185302721,2026-05,4,1.0,1.0040000075823627,73033.06,3,True,False,True,spot_inside_favorite,central,False
2026-05-30,T-60,60,2026-05-30T15:00:00+00:00,engineering,"72,000-74,000","72,000-74,000",4,0.6650000214576721,0.7281705698792137,0.06317054842154157,"70,000-72,000",0.0010000000474974513,0.0,-0.0010000000474974513,"74,000-76,000",0.3050000071525574,0.2718294301207863,-0.033170577031771065,Candidate B,none,"72,000-74,000",4,1,0.7281705698792137,0.6650000214576721,0.03,0.6950000214576721,0.06317054842154157,0.033170548421541546,True,1.0,0.30499997854232785,0.4388488764397878,3.475000107288361,1.5249998927116393,2026-05,4,1.0,0.9755000288714655,73929.11,4,True,False,True,spot_inside_favorite,central,False
2026-05-31,T-60,60,2026-05-31T15:00:00+00:00,engineering,"72,000-74,000","72,000-74,000",3,0.9449999928474426,1.0,0.05500000715255737,"70,000-72,000",0.0035000001080334187,0.0,-0.0035000001080334187,"74,000-76,000",0.04500000178813934,0.0,-0.04500000178813934,Candidate B,none,"72,000-74,000",3,1,1.0,0.9449999928474426,0.03,0.9749999928474427,0.05500000715255737,0.025000007152557346,True,1.0,0.025000007152557346,0.025641033165083392,4.8749999642372135,0.12500003576278673,2026-05,4,1.0,0.9979999949573539,73602.17,3,True,False,True,spot_inside_favorite,central,False
2026-06-01,T-60,60,2026-06-01T15:00:00+00:00,engineering,"70,000-72,000","70,000-72,000",2,0.9010000228881836,0.8375153455812203,-0.06348467730696328,"68,000-70,000",0.006500000134110451,0.0,-0.006500000134110451,"72,000-74,000",0.07500000298023224,0.16248465441877968,0.08748465143854744,Candidate B,none,"72,000-74,000",3,1,0.16248465441877968,0.07500000298023224,0.03,0.10500000298023224,0.08748465143854744,0.057484651438547446,False,0.0,-0.10500000298023224,-1.0,0.5250000149011612,-0.5250000149011612,2026-06,5,1.0,0.9865000261925161,71567.91,2,True,False,False,spot_inside_favorite,central,False
2026-06-02,T-60,60,2026-06-02T15:00:00+00:00,engineering,"<68,000","68,000-70,000",1,0.5304999947547913,0.5197864980661303,-0.01071349668866095,"<68,000",0.45899999141693115,0.4802135019338697,0.02121351051693854,"70,000-72,000",0.008500000461935997,0.0,-0.008500000461935997,Candidate B,none,"<68,000",0,1,0.4802135019338697,0.45899999141693115,0.03,0.4889999914169312,0.02121351051693854,-0.008786489483061488,True,1.0,0.5110000085830688,1.0449898109453748,2.444999957084656,2.555000042915344,2026-06,5,1.0,1.0019999868236482,68019.3,1,True,False,False,spot_inside_favorite,lower_two,False
2026-06-03,T-60,60,2026-06-03T15:00:00+00:00,engineering,"66,000-68,000","66,000-68,000",1,0.925000011920929,1.0,0.07499998807907104,"<66,000",0.07050000131130219,0.0,-0.07050000131130219,"68,000-70,000",0.011500000022351742,0.0,-0.011500000022351742,Candidate B,none,"66,000-68,000",1,1,1.0,0.925000011920929,0.03,0.955000011920929,0.07499998807907104,0.04499998807907102,True,1.0,0.04499998807907102,0.047120405777331946,4.775000059604645,0.2249999403953551,2026-06,5,1.0,1.0110000134445727,66864.95,1,True,False,True,spot_inside_favorite,lower_two,False
2026-06-04,T-60,60,2026-06-04T15:00:00+00:00,engineering,"<64,000","<64,000",0,0.5764999985694885,0.5281423904060389,-0.048357608163449584,,,,,"64,000-66,000",0.4404999911785126,0.47185760959396106,0.031357618415448485,Candidate B,none,"64,000-66,000",1,1,0.47185760959396106,0.4404999911785126,0.03,0.4704999911785126,0.031357618415448485,0.0013576184154484583,False,0.0,-0.4704999911785126,-1.0,2.352499955892563,-2.352499955892563,2026-06,5,1.0,1.0284999897703528,63958.97,0,True,False,False,spot_inside_favorite,lower_two,False
2026-06-08,T-30,30,2026-06-08T15:30:00+00:00,engineering,"62,000-64,000","64,000-66,000",2,0.5649999976158142,0.5002421815575986,-0.06475781605821562,"62,000-64,000",0.44449999928474426,0.49975781844240147,0.055257819157657206,"66,000-68,000",0.0005000000237487257,0.0,-0.0005000000237487257,Candidate B,none,"62,000-64,000",1,1,0.49975781844240147,0.44449999928474426,0.03,0.4744999992847443,0.055257819157657206,0.02525781915765718,True,1.0,0.5255000007152557,1.107481562713147,2.3724999964237217,2.6275000035762783,2026-06,5,1.0,1.013999997114297,64000.01,2,True,False,False,spot_inside_favorite,central,False
2026-06-09,T-30,30,2026-06-09T15:30:00+00:00,engineering,"60,000-62,000","60,000-62,000",2,0.9695000052452087,1.0,0.03049999475479126,"58,000-60,000",0.007000000216066837,0.0,-0.007000000216066837,"62,000-64,000",0.02500000037252903,0.0,-0.02500000037252903,Candidate B,none,"60,000-62,000",2,1,1.0,0.9695000052452087,0.03,0.9995000052452088,0.03049999475479126,0.0004999947547912331,True,1.0,0.0004999947547912331,0.0005002448746046467,4.997500026226044,0.0024999737739561656,2026-06,5,1.0,1.0055000060237944,61311.99,2,True,False,True,spot_inside_favorite,central,False
2026-06-10,T-60,60,2026-06-10T15:00:00+00:00,engineering,"62,000-64,000","62,000-64,000",3,0.550000011920929,0.6638013262246734,0.1138013143037444,"60,000-62,000",0.4449999928474426,0.33619867377532664,-0.10880131907211599,"64,000-66,000",0.0024999999441206455,0.0,-0.0024999999441206455,Candidate B,none,"62,000-64,000",3,1,0.6638013262246734,0.550000011920929,0.03,0.580000011920929,0.1138013143037444,0.08380131430374438,True,1.0,0.419999988079071,0.7241378955977148,2.900000059604645,2.099999940395355,2026-06,5,1.0,1.0050000050687231,62195.99,3,True,False,True,spot_inside_favorite,central,False
2026-06-11,T-60,60,2026-06-11T15:00:00+00:00,engineering,"62,000-64,000","62,000-64,000",5,0.9649999737739563,1.0,0.0350000262260437,"60,000-62,000",0.029500000178813934,0.0,-0.029500000178813934,"64,000-66,000",0.007000000216066837,0.0,-0.007000000216066837,Candidate B,none,"62,000-64,000",5,1,1.0,0.9649999737739563,0.03,0.9949999737739563,0.0350000262260437,0.0050000262260436745,True,1.0,0.0050000262260436745,0.005025152118425661,4.974999868869782,0.025000131130218373,2026-06,5,1.0,1.0059999743825756,62734.02,5,True,False,True,spot_inside_favorite,central,False
2026-06-12,T-60,60,2026-06-12T15:00:00+00:00,engineering,"62,000-64,000","62,000-64,000",6,0.5249999761581421,0.501166451880757,-0.023833524277385054,"60,000-62,000",0.003000000026077032,0.0,-0.003000000026077032,"64,000-66,000",0.4699999988079071,0.49883354811924296,0.02883354931133586,Candidate B,none,"64,000-66,000",7,1,0.49883354811924296,0.4699999988079071,0.03,0.49999999880790713,0.02883354931133586,-0.0011664506886641668,False,0.0,-0.49999999880790713,-1.0,2.499999994039536,-2.499999994039536,2026-06,5,1.0,1.0099999750382267,63999.99,6,True,False,False,spot_inside_favorite,central,False
2026-06-14,T-60,60,2026-06-14T15:00:00+00:00,engineering,"64,000-66,000","62,000-64,000",5,0.5799999833106995,0.5415108329254691,-0.038489150385230375,"60,000-62,000",0.0035000001080334187,0.0,-0.0035000001080334187,"64,000-66,000",0.4099999964237213,0.4584891670745309,0.0484891706508096,Candidate B,none,"64,000-66,000",6,1,0.4584891670745309,0.4099999964237213,0.03,0.43999999642372134,0.0484891706508096,0.018489170650809572,True,1.0,0.5600000035762787,1.2727272911997867,2.199999982118607,2.800000017881393,2026-06,5,1.0,0.9984999800217338,63983.55,5,True,False,False,spot_inside_favorite,central,False
2026-06-15,T-60,60,2026-06-15T15:00:00+00:00,engineering,"66,000-68,000","66,000-68,000",7,0.9649999737739563,1.0,0.0350000262260437,"64,000-66,000",0.029999999329447746,0.0,-0.029999999329447746,"68,000-70,000",0.00800000037997961,0.0,-0.00800000037997961,Candidate B,none,"66,000-68,000",7,1,1.0,0.9649999737739563,0.03,0.9949999737739563,0.0350000262260437,0.0050000262260436745,True,1.0,0.0050000262260436745,0.005025152118425661,4.974999868869782,0.025000131130218373,2026-06,5,1.0,1.0074999736971222,66591.55,7,True,False,True,spot_inside_favorite,central,False
2026-06-16,T-60,60,2026-06-16T15:00:00+00:00,engineering,"64,000-66,000","64,000-66,000",7,0.8500000238418579,0.8259870491651851,-0.02401297467667285,"62,000-64,000",0.004999999888241291,0.0,-0.004999999888241291,"66,000-68,000",0.125,0.17401295083481494,0.04901295083481494,Candidate B,none,"66,000-68,000",8,1,0.17401295083481494,0.125,0.03,0.155,0.04901295083481494,0.01901295083481494,False,0.0,-0.155,-1.0,0.775,-0.775,2026-06,5,1.0,0.9860000238404609,65654.9,7,True,False,False,spot_inside_favorite,central,False
2026-06-17,T-60,60,2026-06-17T15:00:00+00:00,engineering,"64,000-66,000","64,000-66,000",6,0.9564999938011169,1.0,0.04350000619888306,"62,000-64,000",0.012500000186264515,0.0,-0.012500000186264515,"66,000-68,000",0.02850000001490116,0.0,-0.02850000001490116,Candidate B,none,"64,000-66,000",6,1,1.0,0.9564999938011169,0.03,0.986499993801117,0.04350000619888306,0.01350000619888303,True,1.0,0.01350000619888303,0.013684750414306333,4.932499969005585,0.06750003099441515,2026-06,5,1.0,1.0024999941815622,65101.45,6,True,False,True,spot_inside_favorite,central,False
2026-06-18,T-60,60,2026-06-18T15:00:00+00:00,engineering,"62,000-64,000","62,000-64,000",5,0.6150000095367432,0.735053321767018,0.12005331223027482,"60,000-62,000",0.003000000026077032,0.0,-0.003000000026077032,"64,000-66,000",0.3700000047683716,0.264946678232982,-0.10505332653538957,Candidate B,none,"62,000-64,000",5,1,0.735053321767018,0.6150000095367432,0.03,0.6450000095367432,0.12005331223027482,0.0900533122302748,True,1.0,0.3549999904632568,0.5503875739757393,3.225000047683716,1.774999952316284,2026-06,5,1.0,0.9935000145924278,63816.61,5,True,False,True,spot_inside_favorite,central,False
2026-06-20,T-60,60,2026-06-20T15:00:00+00:00,engineering,"64,000-66,000","62,000-64,000",4,0.5575000047683716,0.5815273375556399,0.02402733278726832,"60,000-62,000",0.004000000189989805,0.0,-0.004000000189989805,"64,000-66,000",0.4404999911785126,0.4184726624443601,-0.022027328734152474,Candidate B,none,"62,000-64,000",4,1,0.5815273375556399,0.5575000047683716,0.03,0.5875000047683716,0.02402733278726832,-0.005972667212731708,False,0.0,-0.5875000047683716,-1.0,2.9375000238418583,-2.9375000238418583,2026-06,5,1.0,1.0059999963268638,63949.9,4,True,False,True,spot_inside_favorite,central,False
2026-06-21,T-60,60,2026-06-21T15:00:00+00:00,engineering,"64,000-66,000","64,000-66,000",5,0.7799999713897705,0.8572060062492506,0.07720603485948008,"62,000-64,000",0.22499999403953552,0.14279399375074942,-0.08220600028878611,"66,000-68,000",0.0005000000237487257,0.0,-0.0005000000237487257,Candidate B,none,"64,000-66,000",5,1,0.8572060062492506,0.7799999713897705,0.03,0.8099999713897705,0.07720603485948008,0.04720603485948005,True,1.0,0.19000002861022947,0.2345679448410768,4.049999856948853,0.9500001430511473,2026-06,5,1.0,1.0094999656430446,64145.97,5,True,False,True,spot_inside_favorite,central,False
2026-06-23,T-30,30,2026-06-23T15:30:00+00:00,engineering,"62,000-64,000","62,000-64,000",4,0.8650000095367432,0.8977635622282197,0.03276355269147657,"60,000-62,000",0.1379999965429306,0.10223643777178029,-0.03576355877115031,"64,000-66,000",0.004000000189989805,0.0,-0.004000000189989805,Candidate B,none,"62,000-64,000",4,1,0.8977635622282197,0.8650000095367432,0.03,0.8950000095367432,0.03276355269147657,0.002763552691476545,True,1.0,0.10499999046325681,0.11731842384851524,4.475000047683716,0.524999952316284,2026-06,5,1.0,1.015500006324146,62277.09,4,True,False,True,spot_inside_favorite,central,False
2026-06-24,T-60,60,2026-06-24T15:00:00+00:00,engineering,"60,000-62,000","60,000-62,000",3,0.9595000147819519,1.0,0.040499985218048096,"58,000-60,000",0.029999999329447746,0.0,-0.029999999329447746,"62,000-64,000",0.023000000044703484,0.0,-0.023000000044703484,Candidate B,none,"60,000-62,000",3,1,1.0,0.9595000147819519,0.03,0.9895000147819519,0.040499985218048096,0.010499985218048069,True,1.0,0.010499985218048069,0.010611404811713788,4.94750007390976,0.052499926090240345,2026-06,5,1.0,1.0205000144196674,61113.1,3,True,False,True,spot_inside_favorite,central,False
2026-06-25,T-60,60,2026-06-25T15:00:00+00:00,engineering,"58,000-60,000","58,000-60,000",3,0.7620000243186951,0.7580960176181667,-0.003904006700528373,"56,000-58,000",0.02199999988079071,0.0,-0.02199999988079071,"60,000-62,000",0.21449999511241913,0.2419039823818333,0.027403987269414176,Candidate B,none,"60,000-62,000",4,1,0.2419039823818333,0.21449999511241913,0.03,0.24449999511241913,0.027403987269414176,-0.0025960127305858227,False,0.0,-0.24449999511241913,-1.0,1.2224999755620956,-1.2224999755620956,2026-06,5,1.0,1.0100000196835026,59471.5,3,True,False,False,spot_inside_favorite,central,False
2026-06-28,T-60,60,2026-06-28T15:00:00+00:00,engineering,"58,000-60,000","60,000-62,000",3,0.6000000238418579,0.576272188739492,-0.02372783510236587,"58,000-60,000",0.38999998569488525,0.42372781126050796,0.033727825565622704,"62,000-64,000",0.0010000000474974513,0.0,-0.0010000000474974513,Candidate B,none,"58,000-60,000",2,1,0.42372781126050796,0.38999998569488525,0.03,0.4199999856948853,0.033727825565622704,0.0037278255656226778,True,1.0,0.5800000143051147,1.3809524620471383,2.0999999284744266,2.9000000715255734,2026-06,5,1.0,0.9990000095567666,60033.0,3,True,False,False,spot_inside_favorite,central,False
2026-06-29,T-60,60,2026-06-29T15:00:00+00:00,engineering,"58,000-60,000","58,000-60,000",2,0.902999997138977,0.8350555732924893,-0.0679444238464878,"56,000-58,000",0.01549999974668026,0.0,-0.01549999974668026,"60,000-62,000",0.09000000357627869,0.16494442670751075,0.07494442313123206,Candidate B,none,"60,000-62,000",3,1,0.16494442670751075,0.09000000357627869,0.03,0.12000000357627869,0.07494442313123206,0.044944423131232064,False,0.0,-0.12000000357627869,-1.0,0.6000000178813935,-0.6000000178813935,2026-06,5,1.0,1.0125000006519258,59469.67,2,True,False,False,spot_inside_favorite,central,False
2026-06-30,T-30,30,2026-06-30T15:30:00+00:00,engineering,"58,000-60,000","58,000-60,000",3,0.9350000023841858,0.9107382153558432,-0.024261787028342585,"56,000-58,000",0.06499999761581421,0.08926178464415677,0.024261787028342557,"60,000-62,000",0.001500000013038516,0.0,-0.001500000013038516,Candidate B,none,"56,000-58,000",2,1,0.08926178464415677,0.06499999761581421,0.03,0.09499999761581421,0.024261787028342557,-0.0057382129716574415,False,0.0,-0.09499999761581421,-1.0,0.47499998807907107,-0.47499998807907107,2026-06,5,1.0,1.0055000002030283,58384.55,3,True,False,False,spot_inside_favorite,central,False
2026-07-01,T-60,60,2026-07-01T15:00:00+00:00,engineering,"60,000-62,000","58,000-60,000",4,0.8949999809265137,0.8785747995367694,-0.016425181389744248,"56,000-58,000",0.003000000026077032,0.0,-0.003000000026077032,"60,000-62,000",0.09549999982118607,0.12142520046323058,0.02592520064204451,Candidate B,none,"60,000-62,000",5,1,0.12142520046323058,0.09549999982118607,0.03,0.12549999982118606,0.02592520064204451,-0.004074799357955489,True,1.0,0.8745000001788139,6.968127501392926,0.6274999991059304,4.372500000894069,2026-07,5,1.0,0.9979999809875153,59542.0,4,True,False,False,spot_inside_favorite,central,False
2026-07-02,T-60,60,2026-07-02T15:00:00+00:00,engineering,"60,000-62,000","60,000-62,000",6,0.8500000238418579,0.7574705564273619,-0.09252946741449597,"58,000-60,000",0.005499999970197678,0.0,-0.005499999970197678,"62,000-64,000",0.15299999713897705,0.24252944357263806,0.08952944643366101,Candidate B,none,"62,000-64,000",7,1,0.24252944357263806,0.15299999713897705,0.03,0.18299999713897705,0.08952944643366101,0.05952944643366101,False,0.0,-0.18299999713897705,-1.0,0.9149999856948853,-0.9149999856948853,2026-07,5,1.0,1.0190000213333406,61696.61,6,True,False,False,spot_inside_favorite,central,False
2026-07-06,T-60,60,2026-07-06T15:00:00+00:00,engineering,"62,000-64,000","62,000-64,000",7,0.5049999952316284,0.5403784390792751,0.03537844384764666,"60,000-62,000",0.4950000047683716,0.4596215609207249,-0.03537844384764666,"64,000-66,000",0.003000000026077032,0.0,-0.003000000026077032,Candidate B,none,"62,000-64,000",7,1,0.5403784390792751,0.5049999952316284,0.03,0.5349999952316284,0.03537844384764666,0.00537844384764663,True,1.0,0.46500000476837156,0.8691588951641946,2.6749999761581424,2.3250000238418576,2026-07,5,1.0,1.014500000164844,62052.0,7,True,False,True,spot_inside_favorite,central,False
2026-07-07,T-30,30,2026-07-07T15:30:00+00:00,engineering,"62,000-64,000","62,000-64,000",7,0.8500000238418579,0.8196066214994918,-0.030393402342366094,"60,000-62,000",0.001500000013038516,0.0,-0.001500000013038516,"64,000-66,000",0.14650000631809235,0.18039337850050818,0.03389337218241584,Candidate B,none,"64,000-66,000",8,1,0.18039337850050818,0.14650000631809235,0.03,0.17650000631809235,0.03389337218241584,0.0038933721824158385,False,0.0,-0.17650000631809235,-1.0,0.8825000315904618,-0.8825000315904618,2026-07,5,1.0,1.0020000303629786,63752.01,7,True,False,False,spot_inside_favorite,central,False
2026-01-01,T-60,60,2026-01-01T16:00:00+00:00,historical_validation_visible,"86,000-88,000","88,000-90,000",5,0.5649999976158142,0.5965815392217413,0.03158154160592708,"86,000-88,000",0.42500001192092896,0.4034184607782587,-0.02158155114267024,"90,000-92,000",0.0005000000237487257,0.0,-0.0005000000237487257,favorite-only control,none,"88,000-90,000",5,1,0.5965815392217413,0.5649999976158142,0.03,0.5949999976158142,0.03158154160592708,0.0015815416059270504,False,0.0,-0.5949999976158142,-1.0,2.9749999880790714,-2.9749999880790714,2026-01,1,1.0,0.9955000097979791,88032.18,5,True,False,True,spot_inside_favorite,central,False
2026-01-03,T-60,60,2026-01-03T16:00:00+00:00,historical_validation_visible,"90,000-92,000","88,000-90,000",6,0.5450000166893005,0.5872709541907456,0.04227093750144506,"86,000-88,000",0.0044999998062849045,0.0,-0.0044999998062849045,"90,000-92,000",0.42500001192092896,0.4127290458092544,-0.012270966111674553,favorite-only control,none,"88,000-90,000",6,1,0.5872709541907456,0.5450000166893005,0.03,0.5750000166893006,0.04227093750144506,0.012270937501445034,False,0.0,-0.5750000166893006,-1.0,2.875000083446503,-2.875000083446503,2026-01,1,1.0,0.9800000286195427,89969.31,6,True,False,True,spot_inside_favorite,central,False
2026-01-04,T-60,60,2026-01-04T16:00:00+00:00,historical_validation_visible,"90,000-92,000","90,000-92,000",7,0.9660000205039978,1.0,0.0339999794960022,"88,000-90,000",0.004000000189989805,0.0,-0.004000000189989805,"92,000-94,000",0.020500000566244125,0.0,-0.020500000566244125,favorite-only control,none,"90,000-92,000",7,1,1.0,0.9660000205039978,0.03,0.9960000205039978,0.0339999794960022,0.003999979496002171,True,1.0,0.003999979496002171,0.004016043588009259,4.980000102519989,0.019999897480010853,2026-01,1,1.0,0.9950000214739703,91334.94,7,True,False,True,spot_inside_favorite,central,False
2026-01-08,T-60,60,2026-01-08T16:00:00+00:00,historical_validation_visible,"90,000-92,000","90,000-92,000",7,0.8999999761581421,0.9389349797342447,0.03893500357610258,"88,000-90,000",0.07500000298023224,0.06106502026575528,-0.013934982714476955,"92,000-94,000",0.009999999776482582,0.0,-0.009999999776482582,favorite-only control,none,"90,000-92,000",7,1,0.9389349797342447,0.8999999761581421,0.03,0.9299999761581421,0.03893500357610258,0.008935003576102551,True,1.0,0.07000002384185788,0.07526884477033009,4.649999880790711,0.3500001192092894,2026-01,1,1.0,0.9949999792152084,90781.57,7,True,False,True,spot_inside_favorite,central,False
2026-01-14,T-60,60,2026-01-14T16:00:00+00:00,historical_validation_visible,"96,000-98,000","96,000-98,000",8,0.8565000295639038,0.9166590577469802,0.06015902818307639,"94,000-96,000",0.11999999731779099,0.08334094225301986,-0.03665905506477113,"98,000-100,000",0.032999999821186066,0.0,-0.032999999821186066,favorite-only control,none,"96,000-98,000",8,1,0.9166590577469802,0.8565000295639038,0.03,0.8865000295639038,0.06015902818307639,0.030159028183076364,True,1.0,0.11349997043609616,0.12803154726563318,4.432500147819519,0.5674998521804808,2026-01,1,1.0,1.0180000270484015,96764.57,8,True,False,True,spot_inside_favorite,central,False
2026-01-15,T-60,60,2026-01-15T16:00:00+00:00,historical_validation_visible,"96,000-98,000","96,000-98,000",8,0.7705000042915344,0.8843882520060992,0.11388824771456474,"94,000-96,000",0.20499999821186066,0.1156117479939008,-0.08938825021795986,"98,000-100,000",0.020500000566244125,0.0,-0.020500000566244125,favorite-only control,none,"96,000-98,000",8,1,0.8843882520060992,0.7705000042915344,0.03,0.8005000042915345,0.11388824771456474,0.08388824771456471,True,1.0,0.19949999570846555,0.24921923127911635,4.0025000214576725,0.9974999785423277,2026-01,1,1.0,1.019500004069414,96737.04,8,True,False,True,spot_inside_favorite,central,False
2026-01-17,T-60,60,2026-01-17T16:00:00+00:00,historical_validation_visible,"94,000-96,000","94,000-96,000",7,0.9664999842643738,1.0,0.03350001573562622,"92,000-94,000",0.003000000026077032,0.0,-0.003000000026077032,"96,000-98,000",0.02800000086426735,0.0,-0.02800000086426735,favorite-only control,none,"94,000-96,000",7,1,1.0,0.9664999842643738,0.03,0.9964999842643738,0.03350001573562622,0.003500015735626194,True,1.0,0.003500015735626194,0.0035123088719463858,4.982499921321869,0.01750007867813097,2026-01,1,1.0,1.0034999852650799,95573.64,7,True,False,True,spot_inside_favorite,central,False
2026-01-20,T-60,60,2026-01-20T16:00:00+00:00,historical_validation_visible,"90,000-92,000","90,000-92,000",4,0.8669999837875366,0.8934878176696577,0.02648783388212106,"88,000-90,000",0.12549999356269836,0.10651218233034229,-0.018987811232356072,"92,000-94,000",0.017999999225139618,0.0,-0.017999999225139618,favorite-only control,none,"90,000-92,000",4,1,0.8934878176696577,0.8669999837875366,0.03,0.8969999837875366,0.02648783388212106,-0.0035121661178789676,True,1.0,0.10300001621246335,0.11482722193321682,4.4849999189376835,0.5150000810623168,2026-01,1,1.0,1.0174999766750261,90684.95,4,True,False,True,spot_inside_favorite,central,False
2026-01-22,T-60,60,2026-01-22T16:00:00+00:00,historical_validation_visible,"88,000-90,000","88,000-90,000",1,0.8730000257492065,1.0,0.12699997425079346,"<88,000",0.061000000685453415,0.0,-0.061000000685453415,"90,000-92,000",0.06849999725818634,0.0,-0.06849999725818634,favorite-only control,none,"88,000-90,000",1,1,1.0,0.8730000257492065,0.03,0.9030000257492066,0.12699997425079346,0.09699997425079343,True,1.0,0.09699997425079343,0.10741968049260453,4.515000128746033,0.48499987125396715,2026-01,1,1.0,1.0095000239671208,89000.01,1,True,False,True,spot_inside_favorite,lower_two,False
2026-01-27,T-30,30,2026-01-27T16:30:00+00:00,historical_validation_visible,"88,000-90,000","88,000-90,000",4,0.8450000286102295,0.8990961307032983,0.05409610209306881,"86,000-88,000",0.15000000596046448,0.10090386929670168,-0.04909613666376279,"90,000-92,000",0.006000000052154064,0.0,-0.006000000052154064,favorite-only control,none,"88,000-90,000",4,1,0.8990961307032983,0.8450000286102295,0.03,0.8750000286102295,0.05409610209306881,0.024096102093068783,True,1.0,0.12499997138977048,0.14285710548868102,4.375000143051148,0.6249998569488524,2026-01,1,1.0,1.0060000348021276,88372.9,4,True,False,True,spot_inside_favorite,central,False
2026-01-28,T-60,60,2026-01-28T16:00:00+00:00,historical_validation_visible,"88,000-90,000","88,000-90,000",6,0.8500000238418579,0.8830277814021872,0.033027757560329274,"86,000-88,000",0.008999999612569809,0.0,-0.008999999612569809,"90,000-92,000",0.13500000536441803,0.11697221859781282,-0.018027786766605214,favorite-only control,none,"88,000-90,000",6,1,0.8830277814021872,0.8500000238418579,0.03,0.8800000238418579,0.033027757560329274,0.0030277575603292473,True,1.0,0.11999997615814206,0.13636360557611404,4.40000011920929,0.5999998807907103,2026-01,1,1.0,1.0115000295336358,89479.66,6,True,False,True,spot_inside_favorite,central,False
2026-01-29,T-60,60,2026-01-29T16:00:00+00:00,historical_validation_visible,"84,000-86,000","84,000-86,000",3,0.809499979019165,0.9319009201169509,0.12240094109778588,"82,000-84,000",0.07800000160932541,0.06809907988304906,-0.009900921726276352,"86,000-88,000",0.05999999865889549,0.0,-0.05999999865889549,favorite-only control,none,"84,000-86,000",3,1,0.9319009201169509,0.809499979019165,0.03,0.8394999790191651,0.12240094109778588,0.09240094109778585,True,1.0,0.16050002098083493,0.19118525907333092,4.1974998950958256,0.8025001049041747,2026-01,1,1.0,0.9659999797004275,84934.02,3,True,False,True,spot_inside_favorite,central,False
2026-01-30,T-30,30,2026-01-30T16:30:00+00:00,historical_validation_visible,"82,000-84,000","82,000-84,000",1,0.8849999904632568,1.0,0.11500000953674316,"<82,000",0.04100000113248825,0.0,-0.04100000113248825,"84,000-86,000",0.0754999965429306,0.0,-0.0754999965429306,favorite-only control,none,"82,000-84,000",1,1,1.0,0.8849999904632568,0.03,0.9149999904632569,0.11500000953674316,0.08500000953674314,True,1.0,0.08500000953674314,0.09289618625428438,4.5749999523162845,0.4250000476837157,2026-01,1,1.0,1.0054999883286655,83165.47,1,True,False,True,spot_inside_favorite,lower_two,False
2026-02-08,T-60,60,2026-02-08T16:00:00+00:00,historical_validation_visible,"70,000-72,000","70,000-72,000",2,0.9520000219345093,1.0,0.04799997806549072,"68,000-70,000",0.01600000075995922,0.0,-0.01600000075995922,"72,000-74,000",0.03449999913573265,0.0,-0.03449999913573265,favorite-only control,none,"70,000-72,000",2,1,1.0,0.9520000219345093,0.03,0.9820000219345093,0.04799997806549072,0.017999978065490696,True,1.0,0.017999978065490696,0.018329916154208738,4.910000109672547,0.08999989032745348,2026-02,1,1.0,1.0085000219987705,71188.99,2,True,False,True,spot_inside_favorite,central,False
2026-02-13,T-60,60,2026-02-13T16:00:00+00:00,historical_validation_visible,"68,000-70,000","68,000-70,000",5,0.7850000262260437,0.8385575138436986,0.053557487617654886,"66,000-68,000",0.17000000178813934,0.1614424861563014,-0.00855751563183793,"70,000-72,000",0.024000000208616257,0.0,-0.024000000208616257,favorite-only control,none,"68,000-70,000",5,1,0.8385575138436986,0.7850000262260437,0.03,0.8150000262260437,0.053557487617654886,0.02355748761765486,True,1.0,0.18499997377395627,0.22699382554700157,4.075000131130219,0.9249998688697814,2026-02,1,1.0,1.0000000281143002,68692.12,5,True,False,True,spot_inside_favorite,central,False
2026-02-19,T-30,30,2026-02-19T16:30:00+00:00,historical_validation_visible,"66,000-68,000","66,000-68,000",6,0.6850000023841858,0.729591140833048,0.0445911384488622,"64,000-66,000",0.30000001192092896,0.270408859166952,-0.029591152753976946,"68,000-70,000",0.006500000134110451,0.0,-0.006500000134110451,favorite-only control,none,"66,000-68,000",6,1,0.729591140833048,0.6850000023841858,0.03,0.7150000023841858,0.0445911384488622,0.014591138448862173,True,1.0,0.2849999976158142,0.3986013939377264,3.5750000119209293,1.424999988079071,2026-02,1,1.0,1.000500014575664,66188.26,6,True,False,True,spot_inside_favorite,central,False
2026-02-21,T-30,30,2026-02-21T16:30:00+00:00,historical_validation_visible,"68,000-70,000","68,000-70,000",5,0.8700000047683716,1.0,0.12999999523162842,"66,000-68,000",0.11999999731779099,0.0,-0.11999999731779099,"70,000-72,000",0.0005000000237487257,0.0,-0.0005000000237487257,favorite-only control,none,"68,000-70,000",5,1,1.0,0.8700000047683716,0.03,0.9000000047683716,0.12999999523162842,0.09999999523162839,True,1.0,0.09999999523162839,0.1111111052242326,4.500000023841858,0.49999997615814196,2026-02,1,1.0,0.9945000022999011,68274.36,5,True,False,True,spot_inside_favorite,central,False
2026-02-22,T-60,60,2026-02-22T16:00:00+00:00,historical_validation_visible,"66,000-68,000","66,000-68,000",4,0.8949999809265137,0.9159418875848606,0.020941906658346943,"64,000-66,000",0.004999999888241291,0.0,-0.004999999888241291,"68,000-70,000",0.10999999940395355,0.08405811241513939,-0.025941886988814167,favorite-only control,none,"66,000-68,000",4,1,0.9159418875848606,0.8949999809265137,0.03,0.9249999809265137,0.020941906658346943,-0.009058093341653084,True,1.0,0.0750000190734863,0.08108110337295742,4.624999904632569,0.3750000953674315,2026-02,2,1.0,1.0139999804086983,67684.14,4,True,False,True,spot_inside_favorite,central,False
2026-02-23,T-60,60,2026-02-23T16:00:00+00:00,historical_validation_visible,"64,000-66,000","64,000-66,000",4,0.7549999952316284,0.7908042250442532,0.035804229812624766,"62,000-64,000",0.019500000402331352,0.0,-0.019500000402331352,"66,000-68,000",0.2199999988079071,0.20919577495574682,-0.010804223852160288,favorite-only control,none,"64,000-66,000",4,1,0.7908042250442532,0.7549999952316284,0.03,0.7849999952316284,0.035804229812624766,0.005804229812624739,True,1.0,0.21500000476837156,0.27388535805650793,3.9249999761581424,1.0750000238418578,2026-02,2,1.0,0.9994999946211465,65660.1,4,True,False,True,spot_inside_favorite,central,False
2026-03-01,T-60,60,2026-03-01T16:00:00+00:00,historical_validation_visible,"66,000-68,000","66,000-68,000",5,0.9549999833106995,1.0,0.04500001668930054,"64,000-66,000",0.0215000007301569,0.0,-0.0215000007301569,"68,000-70,000",0.01549999974668026,0.0,-0.01549999974668026,favorite-only control,none,"66,000-68,000",5,1,1.0,0.9549999833106995,0.03,0.9849999833106995,0.04500001668930054,0.01500001668930051,True,1.0,0.01500001668930051,0.015228443597413788,4.924999916553498,0.07500008344650255,2026-03,2,1.0,0.9989999838871881,66842.42,5,True,False,True,spot_inside_favorite,central,False
2026-03-02,T-60,60,2026-03-02T16:00:00+00:00,historical_validation_visible,"68,000-70,000","68,000-70,000",7,0.7894999980926514,0.8179783385060604,0.02847834041340902,"66,000-68,000",0.09099999815225601,0.068425124312054,-0.022574873840202014,"70,000-72,000",0.0989999994635582,0.11359653718188567,0.014596537718327474,favorite-only control,none,"68,000-70,000",7,1,0.8179783385060604,0.7894999980926514,0.03,0.8194999980926514,0.02847834041340902,-0.0015216595865910065,True,1.0,0.1805000019073486,0.22025625665339119,4.097499990463257,0.902500009536743,2026-03,2,1.0,1.0284999961731955,69130.2,7,True,False,True,spot_inside_favorite,central,False
2026-03-04,T-60,60,2026-03-04T16:00:00+00:00,historical_validation_visible,"72,000-74,000","72,000-74,000",7,0.7174999713897705,0.8066089246688547,0.08910895327908419,"70,000-72,000",0.05000000074505806,0.0,-0.05000000074505806,"74,000-76,000",0.22300000488758087,0.1933910753311453,-0.02960892955643557,favorite-only control,none,"72,000-74,000",7,1,0.8066089246688547,0.7174999713897705,0.03,0.7474999713897705,0.08910895327908419,0.059108953279084164,True,1.0,0.25250002861022947,0.33779269334388756,3.737499856948853,1.2625001430511473,2026-03,2,1.0,1.0034999772324227,73396.88,7,True,False,True,spot_inside_favorite,central,False
2026-03-08,T-60,60,2026-03-08T15:00:00+00:00,historical_validation_visible,"66,000-68,000","66,000-68,000",5,0.9150000214576721,1.0,0.08499997854232788,"64,000-66,000",0.009999999776482582,0.0,-0.009999999776482582,"68,000-70,000",0.05000000074505806,0.0,-0.05000000074505806,favorite-only control,none,"66,000-68,000",5,1,1.0,0.9150000214576721,0.03,0.9450000214576721,0.08499997854232788,0.054999978542327854,True,1.0,0.054999978542327854,0.058201034172983224,4.725000107288361,0.27499989271163927,2026-03,2,1.0,0.9815000221715309,67339.76,5,True,False,True,spot_inside_favorite,central,False
2026-03-09,T-60,60,2026-03-09T15:00:00+00:00,historical_validation_visible,"68,000-70,000","68,000-70,000",5,0.8849999904632568,0.9191426306721961,0.03414264020893931,"66,000-68,000",0.0364999994635582,0.0,-0.0364999994635582,"70,000-72,000",0.07400000095367432,0.08085736932780385,0.0068573683741295355,favorite-only control,none,"68,000-70,000",5,1,0.9191426306721961,0.8849999904632568,0.03,0.9149999904632569,0.03414264020893931,0.0041426402089392855,True,1.0,0.08500000953674314,0.09289618625428438,4.5749999523162845,0.4250000476837157,2026-03,2,1.0,1.0109999910346232,69151.5,5,True,False,True,spot_inside_favorite,central,False
2026-03-10,T-30,30,2026-03-10T15:30:00+00:00,historical_validation_visible,"70,000-72,000","70,000-72,000",6,0.8849999904632568,0.92121451690662,0.036214526443363204,"68,000-70,000",0.007000000216066837,0.0,-0.007000000216066837,"72,000-74,000",0.0989999994635582,0.07878548309337996,-0.020214516370178237,favorite-only control,none,"70,000-72,000",6,1,0.92121451690662,0.8849999904632568,0.03,0.9149999904632569,0.036214526443363204,0.0062145264433631775,True,1.0,0.08500000953674314,0.09289618625428438,4.5749999523162845,0.4250000476837157,2026-03,2,1.0,0.9969999902532436,71348.01,6,True,False,True,spot_inside_favorite,central,False
2026-03-13,T-60,60,2026-03-13T15:00:00+00:00,historical_validation_visible,"70,000-72,000","72,000-74,000",7,0.7400000095367432,0.7641378392657759,0.024137829729032778,"70,000-72,000",0.22499999403953552,0.23586216073422406,0.010862166694688535,"74,000-76,000",0.03849999979138374,0.0,-0.03849999979138374,favorite-only control,none,"72,000-74,000",7,1,0.7641378392657759,0.7400000095367432,0.03,0.7700000095367432,0.024137829729032778,-0.0058621702709672485,False,0.0,-0.7700000095367432,-1.0,3.850000047683716,-3.850000047683716,2026-03,2,1.0,1.0130000034114346,72382.72,7,True,False,True,spot_inside_favorite,central,False
2026-03-18,T-60,60,2026-03-18T15:00:00+00:00,historical_validation_visible,"70,000-72,000","70,000-72,000",5,0.9049999713897705,1.0,0.09500002861022949,"68,000-70,000",0.0215000007301569,0.0,-0.0215000007301569,"72,000-74,000",0.07500000298023224,0.0,-0.07500000298023224,favorite-only control,none,"70,000-72,000",5,1,1.0,0.9049999713897705,0.03,0.9349999713897705,0.09500002861022949,0.06500002861022947,True,1.0,0.06500002861022947,0.06951874930393244,4.674999856948853,0.3250001430511473,2026-03,2,1.0,1.0064999752794392,71193.23,5,True,False,True,spot_inside_favorite,central,False
2026-03-19,T-60,60,2026-03-19T15:00:00+00:00,historical_validation_visible,"68,000-70,000","68,000-70,000",4,0.7954999804496765,0.8549714244044151,0.05947144395473858,"66,000-68,000",0.016499999910593033,0.0,-0.016499999910593033,"70,000-72,000",0.1899999976158142,0.1450285755955849,-0.0449714220202293,favorite-only control,none,"68,000-70,000",4,1,0.8549714244044151,0.7954999804496765,0.03,0.8254999804496765,0.05947144395473858,0.029471443954738552,True,1.0,0.17450001955032346,0.2113870668479818,4.127499902248383,0.8725000977516173,2026-03,2,1.0,1.0179999781539664,69482.25,4,True,False,True,spot_inside_favorite,central,False
2026-03-20,T-60,60,2026-03-20T15:00:00+00:00,historical_validation_visible,"68,000-70,000","68,000-70,000",4,0.675000011920929,0.7496491077696565,0.07464909584872759,"66,000-68,000",0.004000000189989805,0.0,-0.004000000189989805,"70,000-72,000",0.32499998807907104,0.25035089223034346,-0.07464909584872759,favorite-only control,none,"68,000-70,000",4,1,0.7496491077696565,0.675000011920929,0.03,0.705000011920929,0.07464909584872759,0.04464909584872756,True,1.0,0.294999988079071,0.418439692327491,3.525000059604645,1.474999940395355,2026-03,2,1.0,1.0090000003692694,69731.21,4,True,False,True,spot_inside_favorite,central,False
2026-03-22,T-60,60,2026-03-22T15:00:00+00:00,historical_validation_visible,"68,000-70,000","68,000-70,000",4,0.9595000147819519,1.0,0.040499985218048096,"66,000-68,000",0.03150000050663948,0.0,-0.03150000050663948,"70,000-72,000",0.003000000026077032,0.0,-0.003000000026077032,favorite-only control,none,"68,000-70,000",4,1,1.0,0.9595000147819519,0.03,0.9895000147819519,0.040499985218048096,0.010499985218048069,True,1.0,0.010499985218048069,0.010611404811713788,4.94750007390976,0.052499926090240345,2026-03,2,1.0,0.9980000155046582,68711.66,4,True,False,True,spot_inside_favorite,central,False
2026-03-23,T-60,60,2026-03-23T15:00:00+00:00,historical_validation_visible,"70,000-72,000","70,000-72,000",4,0.8050000071525574,0.8411767154395334,0.036176708286976056,"68,000-70,000",0.013000000268220901,0.0,-0.013000000268220901,"72,000-74,000",0.18199999630451202,0.15882328456046657,-0.023176711744045453,favorite-only control,none,"70,000-72,000",4,1,0.8411767154395334,0.8050000071525574,0.03,0.8350000071525574,0.036176708286976056,0.006176708286976029,True,1.0,0.1649999928474426,0.19760478016055458,4.175000035762787,0.824999964237213,2026-03,2,1.0,1.0110000042477623,71446.46,4,True,False,True,spot_inside_favorite,central,False
2026-03-24,T-60,60,2026-03-24T15:00:00+00:00,historical_validation_visible,"68,000-70,000","68,000-70,000",3,0.5350000262260437,0.621653261180342,0.08665323495429833,"66,000-68,000",0.006000000052154064,0.0,-0.006000000052154064,"70,000-72,000",0.4699999988079071,0.37834673881965797,-0.09165325998824914,favorite-only control,none,"68,000-70,000",3,1,0.621653261180342,0.5350000262260437,0.03,0.5650000262260437,0.08665323495429833,0.056653234954298304,True,1.0,0.43499997377395627,0.7699114222694259,2.825000131130219,2.174999868869781,2026-03,2,1.0,1.0185000254423358,69869.93,3,True,False,True,spot_inside_favorite,central,False
2026-03-25,T-60,60,2026-03-25T15:00:00+00:00,historical_validation_visible,"70,000-72,000","70,000-72,000",5,0.9150000214576721,1.0,0.08499997854232788,"68,000-70,000",0.009999999776482582,0.0,-0.009999999776482582,"72,000-74,000",0.07500000298023224,0.0,-0.07500000298023224,favorite-only control,none,"70,000-72,000",5,1,1.0,0.9150000214576721,0.03,0.9450000214576721,0.08499997854232788,0.054999978542327854,True,1.0,0.054999978542327854,0.058201034172983224,4.725000107288361,0.27499989271163927,2026-03,2,1.0,1.0040000244043767,71234.28,5,True,False,True,spot_inside_favorite,central,False
2026-03-26,T-60,60,2026-03-26T15:00:00+00:00,historical_validation_visible,"68,000-70,000","68,000-70,000",5,0.8349999785423279,0.9302615066510819,0.09526152810875399,"66,000-68,000",0.00800000037997961,0.0,-0.00800000037997961,"70,000-72,000",0.17000000178813934,0.06973849334891813,-0.10026150843922121,favorite-only control,none,"68,000-70,000",5,1,0.9302615066510819,0.8349999785423279,0.03,0.8649999785423279,0.09526152810875399,0.06526152810875396,True,1.0,0.1350000214576721,0.1560693928399514,4.32499989271164,0.6750001072883605,2026-03,2,1.0,1.0189999808790162,69479.92,5,True,False,True,spot_inside_favorite,central,False
2026-03-27,T-60,60,2026-03-27T15:00:00+00:00,historical_validation_visible,"66,000-68,000","66,000-68,000",4,0.6800000071525574,0.7215165060758868,0.041516498923329426,"64,000-66,000",0.3165000081062317,0.27848349392411315,-0.038016514182118544,"68,000-70,000",0.0024999999441206455,0.0,-0.0024999999441206455,favorite-only control,none,"66,000-68,000",4,1,0.7215165060758868,0.6800000071525574,0.03,0.7100000071525574,0.041516498923329426,0.011516498923329399,True,1.0,0.2899999928474426,0.40845069003658535,3.550000035762787,1.449999964237213,2026-03,3,1.0,1.0060000154771842,66205.06,4,True,False,True,spot_inside_favorite,central,False
2026-03-29,T-30,30,2026-03-29T15:30:00+00:00,historical_validation_visible,"66,000-68,000","66,000-68,000",4,0.9595000147819519,1.0,0.040499985218048096,"64,000-66,000",0.04050000011920929,0.0,-0.04050000011920929,"68,000-70,000",0.0044999998062849045,0.0,-0.0044999998062849045,favorite-only control,none,"66,000-68,000",4,1,1.0,0.9595000147819519,0.03,0.9895000147819519,0.040499985218048096,0.010499985218048069,True,1.0,0.010499985218048069,0.010611404811713788,4.94750007390976,0.052499926090240345,2026-03,3,1.0,1.008500014897436,66420.74,4,True,False,True,spot_inside_favorite,central,False
2026-03-30,T-60,60,2026-03-30T15:00:00+00:00,historical_validation_visible,"66,000-68,000","66,000-68,000",3,0.7200000286102295,0.7410803551283265,0.021080326518096992,"64,000-66,000",0.0035000001080334187,0.0,-0.0035000001080334187,"68,000-70,000",0.2800000011920929,0.2589196448716735,-0.02108035632041938,favorite-only control,none,"66,000-68,000",3,1,0.7410803551283265,0.7200000286102295,0.03,0.7500000286102295,0.021080326518096992,-0.008919673481903034,True,1.0,0.24999997138977048,0.33333328247070504,3.750000143051148,1.2499998569488524,2026-03,3,1.0,1.0090000301133841,67799.54,3,True,False,True,spot_inside_favorite,central,False
2026-04-02,T-60,60,2026-04-02T15:00:00+00:00,historical_validation_visible,"66,000-68,000","66,000-68,000",4,0.9649999737739563,1.0,0.0350000262260437,"64,000-66,000",0.029500000178813934,0.0,-0.029500000178813934,"68,000-70,000",0.01600000075995922,0.0,-0.01600000075995922,favorite-only control,none,"66,000-68,000",4,1,1.0,0.9649999737739563,0.03,0.9949999737739563,0.0350000262260437,0.0050000262260436745,True,1.0,0.0050000262260436745,0.005025152118425661,4.974999868869782,0.025000131130218373,2026-04,3,1.0,1.015499974892009,66868.18,4,True,False,True,spot_inside_favorite,central,False
2026-04-06,T-60,60,2026-04-06T15:00:00+00:00,historical_validation_visible,"68,000-70,000","68,000-70,000",6,0.824999988079071,0.8468005643779731,0.021800576298902086,"66,000-68,000",0.0024999999441206455,0.0,-0.0024999999441206455,"70,000-72,000",0.17800000309944153,0.15319943562202687,-0.02480056747741466,favorite-only control,none,"68,000-70,000",6,1,0.8468005643779731,0.824999988079071,0.03,0.8549999880790711,0.021800576298902086,-0.008199423701097941,True,1.0,0.14500001192092893,0.16959065958199665,4.274999940395356,0.7250000596046446,2026-04,3,1.0,1.009499991312623,69654.38,6,True,False,True,spot_inside_favorite,central,False
2026-04-07,T-60,60,2026-04-07T15:00:00+00:00,historical_validation_visible,"68,000-70,000","66,000-68,000",5,0.6200000047683716,0.6716021327755058,0.05160212800713426,"64,000-66,000",0.007000000216066837,0.0,-0.007000000216066837,"68,000-70,000",0.3700000047683716,0.32839786722449416,-0.04160213754387743,favorite-only control,none,"66,000-68,000",5,1,0.6716021327755058,0.6200000047683716,0.03,0.6500000047683716,0.05160212800713426,0.021602128007134236,False,0.0,-0.6500000047683716,-1.0,3.2500000238418583,-3.2500000238418583,2026-04,3,1.0,1.0025000099558383,67860.48,5,True,False,True,spot_inside_favorite,central,False
2026-04-08,T-60,60,2026-04-08T15:00:00+00:00,historical_validation_visible,"70,000-72,000","70,000-72,000",6,0.9449999928474426,1.0,0.05500000715255737,"68,000-70,000",0.039500001817941666,0.0,-0.039500001817941666,"72,000-74,000",0.008999999612569809,0.0,-0.008999999612569809,favorite-only control,none,"70,000-72,000",6,1,1.0,0.9449999928474426,0.03,0.9749999928474427,0.05500000715255737,0.025000007152557346,True,1.0,0.025000007152557346,0.025641033165083392,4.8749999642372135,0.12500003576278673,2026-04,3,1.0,1.0004999943776056,70912.88,6,True,False,True,spot_inside_favorite,central,False
2026-04-09,T-60,60,2026-04-09T15:00:00+00:00,historical_validation_visible,"72,000-74,000","70,000-72,000",7,0.9679999947547913,1.0,0.03200000524520874,"68,000-70,000",0.014499999582767487,0.0,-0.014499999582767487,"72,000-74,000",0.02800000086426735,0.0,-0.02800000086426735,favorite-only control,none,"70,000-72,000",7,1,1.0,0.9679999947547913,0.03,0.9979999947547913,0.03200000524520874,0.0020000052452087136,False,0.0,-0.9979999947547913,-1.0,4.989999973773957,-4.989999973773957,2026-04,3,1.0,1.014499995391816,71123.71,7,True,False,True,spot_inside_favorite,central,False
2026-04-10,T-60,60,2026-04-10T15:00:00+00:00,historical_validation_visible,"72,000-74,000","72,000-74,000",8,0.9334999918937683,1.0,0.06650000810623169,"70,000-72,000",0.03849999979138374,0.0,-0.03849999979138374,"74,000-76,000",0.025499999523162842,0.0,-0.025499999523162842,favorite-only control,none,"72,000-74,000",8,1,1.0,0.9334999918937683,0.03,0.9634999918937683,0.06650000810623169,0.03650000810623166,True,1.0,0.03650000810623166,0.03788272798476163,4.817499959468842,0.18250004053115831,2026-04,3,1.0,1.0014999913983047,72909.0,8,True,False,True,spot_inside_favorite,central,False
2026-04-12,T-60,60,2026-04-12T15:00:00+00:00,historical_validation_visible,"70,000-72,000","70,000-72,000",7,0.9664999842643738,1.0,0.03350001573562622,"68,000-70,000",0.029999999329447746,0.0,-0.029999999329447746,"72,000-74,000",0.0020000000949949026,0.0,-0.0020000000949949026,favorite-only control,none,"70,000-72,000",7,1,1.0,0.9664999842643738,0.03,0.9964999842643738,0.03350001573562622,0.003500015735626194,True,1.0,0.003500015735626194,0.0035123088719463858,4.982499921321869,0.01750007867813097,2026-04,3,1.0,1.0024999838788062,70748.34,7,True,False,True,spot_inside_favorite,central,False
2026-04-14,T-60,60,2026-04-14T15:00:00+00:00,historical_validation_visible,"74,000-76,000","74,000-76,000",8,0.9315000176429749,1.0,0.06849998235702515,"72,000-74,000",0.020999999716877937,0.0,-0.020999999716877937,"76,000-78,000",0.04650000110268593,0.0,-0.04650000110268593,favorite-only control,none,"74,000-76,000",8,1,1.0,0.9315000176429749,0.03,0.9615000176429749,0.06849998235702515,0.03849998235702512,True,1.0,0.03849998235702512,0.04004158257989858,4.807500088214875,0.1924999117851256,2026-04,3,1.0,1.0045000187237747,75013.62,8,True,False,True,spot_inside_favorite,central,False
2026-04-15,T-60,60,2026-04-15T15:00:00+00:00,historical_validation_visible,"72,000-74,000","74,000-76,000",7,0.6449999809265137,0.6664359742389643,0.021435993312450607,"72,000-74,000",0.3449999988079071,0.3335640257610358,-0.011435973046871328,"76,000-78,000",0.005499999970197678,0.0,-0.005499999970197678,favorite-only control,none,"74,000-76,000",7,1,0.6664359742389643,0.6449999809265137,0.03,0.6749999809265137,0.021435993312450607,-0.00856400668754942,False,0.0,-0.6749999809265137,-1.0,3.3749999046325687,-3.3749999046325687,2026-04,3,1.0,1.0014999798149802,74151.81,7,True,False,True,spot_inside_favorite,central,False
2026-04-17,T-60,60,2026-04-17T15:00:00+00:00,historical_validation_visible,"76,000-78,000","76,000-78,000",7,0.5429999828338623,0.575116898444191,0.0321169156103287,"74,000-76,000",0.006500000134110451,0.0,-0.006500000134110451,"78,000-80,000",0.46000000834465027,0.424883101555809,-0.03511690678884127,favorite-only control,none,"76,000-78,000",7,1,0.575116898444191,0.5429999828338623,0.03,0.5729999828338623,0.0321169156103287,0.0021169156103286735,True,1.0,0.42700001716613767,0.7452007503636237,2.864999914169312,2.135000085830688,2026-04,3,1.0,1.021999991091434,77886.77,7,True,False,True,spot_inside_favorite,central,False
2026-04-20,T-60,60,2026-04-20T15:00:00+00:00,historical_validation_visible,"74,000-76,000","74,000-76,000",7,0.9350000023841858,1.0,0.06499999761581421,"72,000-74,000",0.023000000044703484,0.0,-0.023000000044703484,"76,000-78,000",0.02500000037252903,0.0,-0.02500000037252903,favorite-only control,none,"74,000-76,000",7,1,1.0,0.9350000023841858,0.03,0.9650000023841858,0.06499999761581421,0.03499999761581418,True,1.0,0.03499999761581418,0.03626942749154521,4.825000011920929,0.1749999880790709,2026-04,3,1.0,0.9875000030151568,75034.79,7,True,False,True,spot_inside_favorite,central,False
2026-04-21,T-60,60,2026-04-21T15:00:00+00:00,historical_validation_visible,"74,000-76,000","74,000-76,000",5,0.7099999785423279,0.8031111510201511,0.09311117247782319,"72,000-74,000",0.005499999970197678,0.0,-0.005499999970197678,"76,000-78,000",0.2800000011920929,0.19688884897984893,-0.08311115221224397,favorite-only control,none,"74,000-76,000",5,1,0.8031111510201511,0.7099999785423279,0.03,0.7399999785423279,0.09311117247782319,0.06311117247782316,True,1.0,0.2600000214576721,0.35135139053629055,3.6999998927116398,1.3000001072883605,2026-04,3,1.0,1.0029999800608493,75675.05,5,True,False,True,spot_inside_favorite,central,False
2026-04-23,T-60,60,2026-04-23T15:00:00+00:00,engineering,"78,000-80,000","78,000-80,000",7,0.7049999833106995,0.7307439430388991,0.02574395972819965,"76,000-78,000",0.3050000071525574,0.26925605696110094,-0.03574395019145643,"80,000-82,000",0.0005000000237487257,0.0,-0.0005000000237487257,favorite-only control,none,"78,000-80,000",7,1,0.7307439430388991,0.7049999833106995,0.03,0.7349999833106995,0.02574395972819965,-0.0042560402718003765,True,1.0,0.2650000166893005,0.3605442485803154,3.6749999165534977,1.3250000834465026,2026-04,3,1.0,1.0164999905973673,78180.77,7,True,False,True,spot_inside_favorite,central,False
2026-04-24,T-60,60,2026-04-24T15:00:00+00:00,engineering,"76,000-78,000","78,000-80,000",6,0.5299999713897705,0.5503322155615883,0.02033224417181778,"76,000-78,000",0.4749999940395355,0.4496677844384117,-0.025332209601123812,"80,000-82,000",0.0020000000949949026,0.0,-0.0020000000949949026,favorite-only control,none,"78,000-80,000",6,1,0.5503322155615883,0.5299999713897705,0.03,0.5599999713897705,0.02033224417181778,-0.009667755828182245,False,0.0,-0.5599999713897705,-1.0,2.799999856948853,-2.799999856948853,2026-04,4,1.0,1.013499965716619,78037.64,6,True,False,True,spot_inside_favorite,central,False
2026-04-26,T-60,60,2026-04-26T15:00:00+00:00,engineering,"78,000-80,000","78,000-80,000",7,0.6949999928474426,0.7293856030256104,0.03438561017816777,"76,000-78,000",0.3050000071525574,0.2706143969743896,-0.03438561017816777,"80,000-82,000",0.0010000000474974513,0.0,-0.0010000000474974513,favorite-only control,none,"78,000-80,000",7,1,0.7293856030256104,0.6949999928474426,0.03,0.7249999928474427,0.03438561017816777,0.004385610178167743,True,1.0,0.27500000715255735,0.3793103584353054,3.6249999642372135,1.3750000357627867,2026-04,4,1.0,1.0050000002374873,78095.66,7,True,False,True,spot_inside_favorite,central,False
2026-04-27,T-60,60,2026-04-27T15:00:00+00:00,engineering,"76,000-78,000","76,000-78,000",6,0.7300000190734863,0.7731144249510487,0.04311440587756232,"74,000-76,000",0.0044999998062849045,0.0,-0.0044999998062849045,"78,000-80,000",0.2750000059604645,0.22688557504895135,-0.04811443091151313,favorite-only control,none,"76,000-78,000",6,1,0.7731144249510487,0.7300000190734863,0.03,0.7600000190734864,0.04311440587756232,0.013114405877562296,True,1.0,0.23999998092651365,0.31578944066224746,3.800000095367432,1.1999999046325682,2026-04,4,1.0,1.0145000250195153,77815.25,6,True,False,True,spot_inside_favorite,central,False
2026-05-01,T-30,30,2026-05-01T15:30:00+00:00,engineering,"78,000-80,000","78,000-80,000",5,0.9599999785423279,1.0,0.04000002145767212,"76,000-78,000",0.035999998450279236,0.0,-0.035999998450279236,"80,000-82,000",0.0035000001080334187,0.0,-0.0035000001080334187,favorite-only control,none,"78,000-80,000",5,1,1.0,0.9599999785423279,0.03,0.9899999785423279,0.04000002145767212,0.010000021457672092,True,1.0,0.010000021457672092,0.010101031994360328,4.94999989271164,0.05000010728836046,2026-05,4,1.0,1.0034999772906303,78536.02,5,True,False,True,spot_inside_favorite,central,False
2026-05-04,T-60,60,2026-05-04T15:00:00+00:00,engineering,"80,000-82,000","80,000-82,000",7,0.6915000081062317,0.7152077136167744,0.023707705510542687,"78,000-80,000",0.3050000071525574,0.2847922863832256,-0.02020772076933175,"82,000-84,000",0.007499999832361937,0.0,-0.007499999832361937,favorite-only control,none,"80,000-82,000",7,1,0.7152077136167744,0.6915000081062317,0.03,0.7215000081062317,0.023707705510542687,-0.00629229448945734,True,1.0,0.2784999918937683,0.3860013704293163,3.607500040531159,1.3924999594688414,2026-05,4,1.0,1.0090000152704306,80216.16,7,True,False,True,spot_inside_favorite,central,False
2026-05-05,T-60,60,2026-05-05T15:00:00+00:00,engineering,"80,000-82,000","80,000-82,000",7,0.925000011920929,1.0,0.07499998807907104,"78,000-80,000",0.011500000022351742,0.0,-0.011500000022351742,"82,000-84,000",0.05849999934434891,0.0,-0.05849999934434891,favorite-only control,none,"80,000-82,000",7,1,1.0,0.925000011920929,0.03,0.955000011920929,0.07499998807907104,0.04499998807907102,True,1.0,0.04499998807907102,0.047120405777331946,4.775000059604645,0.2249999403953551,2026-05,4,1.0,1.0000000114669092,81336.59,7,True,False,True,spot_inside_favorite,central,False
2026-05-06,T-30,30,2026-05-06T15:30:00+00:00,engineering,"80,000-82,000","80,000-82,000",8,0.8709999918937683,0.9172034582822929,0.04620346638852457,"78,000-80,000",0.0005000000237487257,0.0,-0.0005000000237487257,"82,000-84,000",0.125,0.08279654171770712,-0.04220345828229288,favorite-only control,none,"80,000-82,000",8,1,0.9172034582822929,0.8709999918937683,0.03,0.9009999918937683,0.04620346638852457,0.016203466388524546,True,1.0,0.09900000810623166,0.10987792341501394,4.504999959468842,0.4950000405311583,2026-05,4,1.0,1.0004999921075068,81659.76,8,True,False,True,spot_inside_favorite,central,False
2026-05-07,T-60,60,2026-05-07T15:00:00+00:00,engineering,"78,000-80,000","80,000-82,000",7,0.6650000214576721,0.7521796407654864,0.08717961930781426,"78,000-80,000",0.3449999988079071,0.24782035923451368,-0.09717963957339343,"82,000-84,000",0.0024999999441206455,0.0,-0.0024999999441206455,favorite-only control,none,"80,000-82,000",7,1,0.7521796407654864,0.6650000214576721,0.03,0.6950000214576721,0.08717961930781426,0.05717961930781423,False,0.0,-0.6950000214576721,-1.0,3.475000107288361,-3.475000107288361,2026-05,4,1.0,1.0185000203200616,80171.38,7,True,False,True,spot_inside_favorite,central,False
2026-05-08,T-60,60,2026-05-08T15:00:00+00:00,engineering,"80,000-82,000","80,000-82,000",6,0.625,0.6703512058069729,0.04535120580697294,"78,000-80,000",0.35499998927116394,0.3296487941930271,-0.025351195078136823,"82,000-84,000",0.0020000000949949026,0.0,-0.0020000000949949026,favorite-only control,none,"80,000-82,000",6,1,0.6703512058069729,0.625,0.03,0.655,0.04535120580697294,0.015351205806972912,True,1.0,0.345,0.5267175572519084,3.2750000000000004,1.7249999999999999,2026-05,4,1.0,0.9889999896404333,80150.97,6,True,False,True,spot_inside_favorite,central,False
2026-05-11,T-60,60,2026-05-11T15:00:00+00:00,engineering,"80,000-82,000","80,000-82,000",5,0.9649999737739563,1.0,0.0350000262260437,"78,000-80,000",0.023000000044703484,0.0,-0.023000000044703484,"82,000-84,000",0.012500000186264515,0.0,-0.012500000186264515,favorite-only control,none,"80,000-82,000",5,1,1.0,0.9649999737739563,0.03,0.9949999737739563,0.0350000262260437,0.0050000262260436745,True,1.0,0.0050000262260436745,0.005025152118425661,4.974999868869782,0.025000131130218373,2026-05,4,1.0,1.0064999741734937,80953.38,5,True,False,True,spot_inside_favorite,central,False
2026-05-12,T-30,30,2026-05-12T15:30:00+00:00,engineering,"80,000-82,000","80,000-82,000",5,0.7950000166893005,0.8589488689857716,0.06394885229647107,"78,000-80,000",0.20999999344348907,0.14105113101422834,-0.06894886242926074,"82,000-84,000",0.001500000013038516,0.0,-0.001500000013038516,favorite-only control,none,"80,000-82,000",5,1,0.8589488689857716,0.7950000166893005,0.03,0.8250000166893006,0.06394885229647107,0.033948852296471044,True,1.0,0.17499998331069944,0.21212118760066082,4.125000083446503,0.8749999165534972,2026-05,4,1.0,1.010500010335818,80222.0,5,True,False,True,spot_inside_favorite,central,False
2026-05-14,T-60,60,2026-05-14T15:00:00+00:00,engineering,"80,000-82,000","80,000-82,000",6,0.9649999737739563,1.0,0.0350000262260437,"78,000-80,000",0.02500000037252903,0.0,-0.02500000037252903,"82,000-84,000",0.01549999974668026,0.0,-0.01549999974668026,favorite-only control,none,"80,000-82,000",6,1,1.0,0.9649999737739563,0.03,0.9949999737739563,0.0350000262260437,0.0050000262260436745,True,1.0,0.0050000262260436745,0.005025152118425661,4.974999868869782,0.025000131130218373,2026-05,4,1.0,1.012499973992817,80964.85,6,True,False,True,spot_inside_favorite,central,False
2026-05-15,T-60,60,2026-05-15T15:00:00+00:00,engineering,"78,000-80,000","78,000-80,000",4,0.9449999928474426,1.0,0.05500000715255737,"76,000-78,000",0.007499999832361937,0.0,-0.007499999832361937,"80,000-82,000",0.04149999842047691,0.0,-0.04149999842047691,favorite-only control,none,"78,000-80,000",4,1,1.0,0.9449999928474426,0.03,0.9749999928474427,0.05500000715255737,0.025000007152557346,True,1.0,0.025000007152557346,0.025641033165083392,4.8749999642372135,0.12500003576278673,2026-05,4,1.0,1.0024999914458022,79150.37,4,True,False,True,spot_inside_favorite,central,False
2026-05-17,T-60,60,2026-05-17T15:00:00+00:00,engineering,"78,000-80,000","78,000-80,000",4,0.6000000238418579,0.6225333732304413,0.022533349388583424,"76,000-78,000",0.4009999930858612,0.37746662676955867,-0.02353336631630254,"80,000-82,000",0.0005000000237487257,0.0,-0.0005000000237487257,favorite-only control,none,"78,000-80,000",4,1,0.6225333732304413,0.6000000238418579,0.03,0.6300000238418579,0.022533349388583424,-0.007466650611416603,True,1.0,0.36999997615814206,0.5873015272314007,3.15000011920929,1.8499998807907103,2026-05,4,1.0,1.0060000171652064,78051.51,4,True,False,True,spot_inside_favorite,central,False
2026-05-19,T-60,60,2026-05-19T15:00:00+00:00,engineering,"76,000-78,000","76,000-78,000",3,0.8650000095367432,0.8874595784121146,0.022459568875371483,"74,000-76,000",0.13950000703334808,0.11254042158788535,-0.02695958544546273,"78,000-80,000",0.004000000189989805,0.0,-0.004000000189989805,favorite-only control,none,"76,000-78,000",3,1,0.8874595784121146,0.8650000095367432,0.03,0.8950000095367432,0.022459568875371483,-0.007540431124628544,True,1.0,0.10499999046325681,0.11731842384851524,4.475000047683716,0.524999952316284,2026-05,4,1.0,1.0155000170343556,76392.43,3,True,False,True,spot_inside_favorite,central,False
2026-05-20,T-30,30,2026-05-20T15:30:00+00:00,engineering,"76,000-78,000","76,000-78,000",4,0.8884999752044678,0.9373280074236202,0.04882803221915244,"74,000-76,000",0.0005000000237487257,0.0,-0.0005000000237487257,"78,000-80,000",0.10899999737739563,0.06267199257637979,-0.04632800480101584,favorite-only control,none,"76,000-78,000",4,1,0.9373280074236202,0.8884999752044678,0.03,0.9184999752044678,0.04882803221915244,0.018828032219152413,True,1.0,0.0815000247955322,0.0887316570448349,4.592499876022339,0.407500123977661,2026-05,4,1.0,1.0024999728193507,77553.46,4,True,False,True,spot_inside_favorite,central,False
2026-05-23,T-60,60,2026-05-23T15:00:00+00:00,engineering,"74,000-76,000","74,000-76,000",3,0.9610000252723694,1.0,0.038999974727630615,"72,000-74,000",0.003000000026077032,0.0,-0.003000000026077032,"76,000-78,000",0.03550000116229057,0.0,-0.03550000116229057,favorite-only control,none,"74,000-76,000",3,1,1.0,0.9610000252723694,0.03,0.9910000252723694,0.038999974727630615,0.008999974727630589,True,1.0,0.008999974727630589,0.009081709887098145,4.955000126361847,0.04499987363815294,2026-05,5,1.0,1.0120000262395479,75537.72,3,True,False,True,spot_inside_favorite,central,False
2026-05-28,T-60,60,2026-05-28T15:00:00+00:00,engineering,"72,000-74,000","72,000-74,000",3,0.9670000076293945,1.0,0.03299999237060547,"70,000-72,000",0.014999999664723873,0.0,-0.014999999664723873,"74,000-76,000",0.017500000074505806,0.0,-0.017500000074505806,favorite-only control,none,"72,000-74,000",3,1,1.0,0.9670000076293945,0.03,0.9970000076293946,0.03299999237060547,0.002999992370605442,True,1.0,0.002999992370605442,0.003009019405866044,4.985000038146973,0.01499996185302721,2026-05,5,1.0,1.0040000075823627,73033.06,3,True,False,True,spot_inside_favorite,central,False
2026-05-30,T-60,60,2026-05-30T15:00:00+00:00,engineering,"72,000-74,000","72,000-74,000",4,0.6650000214576721,0.7281705698792137,0.06317054842154157,"70,000-72,000",0.0010000000474974513,0.0,-0.0010000000474974513,"74,000-76,000",0.3050000071525574,0.2718294301207863,-0.033170577031771065,favorite-only control,none,"72,000-74,000",4,1,0.7281705698792137,0.6650000214576721,0.03,0.6950000214576721,0.06317054842154157,0.033170548421541546,True,1.0,0.30499997854232785,0.4388488764397878,3.475000107288361,1.5249998927116393,2026-05,5,1.0,0.9755000288714655,73929.11,4,True,False,True,spot_inside_favorite,central,False
2026-05-31,T-60,60,2026-05-31T15:00:00+00:00,engineering,"72,000-74,000","72,000-74,000",3,0.9449999928474426,1.0,0.05500000715255737,"70,000-72,000",0.0035000001080334187,0.0,-0.0035000001080334187,"74,000-76,000",0.04500000178813934,0.0,-0.04500000178813934,favorite-only control,none,"72,000-74,000",3,1,1.0,0.9449999928474426,0.03,0.9749999928474427,0.05500000715255737,0.025000007152557346,True,1.0,0.025000007152557346,0.025641033165083392,4.8749999642372135,0.12500003576278673,2026-05,5,1.0,0.9979999949573539,73602.17,3,True,False,True,spot_inside_favorite,central,False
2026-06-03,T-60,60,2026-06-03T15:00:00+00:00,engineering,"66,000-68,000","66,000-68,000",1,0.925000011920929,1.0,0.07499998807907104,"<66,000",0.07050000131130219,0.0,-0.07050000131130219,"68,000-70,000",0.011500000022351742,0.0,-0.011500000022351742,favorite-only control,none,"66,000-68,000",1,1,1.0,0.925000011920929,0.03,0.955000011920929,0.07499998807907104,0.04499998807907102,True,1.0,0.04499998807907102,0.047120405777331946,4.775000059604645,0.2249999403953551,2026-06,5,1.0,1.0110000134445727,66864.95,1,True,False,True,spot_inside_favorite,lower_two,False
2026-06-09,T-30,30,2026-06-09T15:30:00+00:00,engineering,"60,000-62,000","60,000-62,000",2,0.9695000052452087,1.0,0.03049999475479126,"58,000-60,000",0.007000000216066837,0.0,-0.007000000216066837,"62,000-64,000",0.02500000037252903,0.0,-0.02500000037252903,favorite-only control,none,"60,000-62,000",2,1,1.0,0.9695000052452087,0.03,0.9995000052452088,0.03049999475479126,0.0004999947547912331,True,1.0,0.0004999947547912331,0.0005002448746046467,4.997500026226044,0.0024999737739561656,2026-06,5,1.0,1.0055000060237944,61311.99,2,True,False,True,spot_inside_favorite,central,False
2026-06-10,T-60,60,2026-06-10T15:00:00+00:00,engineering,"62,000-64,000","62,000-64,000",3,0.550000011920929,0.6638013262246734,0.1138013143037444,"60,000-62,000",0.4449999928474426,0.33619867377532664,-0.10880131907211599,"64,000-66,000",0.0024999999441206455,0.0,-0.0024999999441206455,favorite-only control,none,"62,000-64,000",3,1,0.6638013262246734,0.550000011920929,0.03,0.580000011920929,0.1138013143037444,0.08380131430374438,True,1.0,0.419999988079071,0.7241378955977148,2.900000059604645,2.099999940395355,2026-06,5,1.0,1.0050000050687231,62195.99,3,True,False,True,spot_inside_favorite,central,False
2026-06-11,T-60,60,2026-06-11T15:00:00+00:00,engineering,"62,000-64,000","62,000-64,000",5,0.9649999737739563,1.0,0.0350000262260437,"60,000-62,000",0.029500000178813934,0.0,-0.029500000178813934,"64,000-66,000",0.007000000216066837,0.0,-0.007000000216066837,favorite-only control,none,"62,000-64,000",5,1,1.0,0.9649999737739563,0.03,0.9949999737739563,0.0350000262260437,0.0050000262260436745,True,1.0,0.0050000262260436745,0.005025152118425661,4.974999868869782,0.025000131130218373,2026-06,5,1.0,1.0059999743825756,62734.02,5,True,False,True,spot_inside_favorite,central,False
2026-06-15,T-60,60,2026-06-15T15:00:00+00:00,engineering,"66,000-68,000","66,000-68,000",7,0.9649999737739563,1.0,0.0350000262260437,"64,000-66,000",0.029999999329447746,0.0,-0.029999999329447746,"68,000-70,000",0.00800000037997961,0.0,-0.00800000037997961,favorite-only control,none,"66,000-68,000",7,1,1.0,0.9649999737739563,0.03,0.9949999737739563,0.0350000262260437,0.0050000262260436745,True,1.0,0.0050000262260436745,0.005025152118425661,4.974999868869782,0.025000131130218373,2026-06,5,1.0,1.0074999736971222,66591.55,7,True,False,True,spot_inside_favorite,central,False
2026-06-17,T-60,60,2026-06-17T15:00:00+00:00,engineering,"64,000-66,000","64,000-66,000",6,0.9564999938011169,1.0,0.04350000619888306,"62,000-64,000",0.012500000186264515,0.0,-0.012500000186264515,"66,000-68,000",0.02850000001490116,0.0,-0.02850000001490116,favorite-only control,none,"64,000-66,000",6,1,1.0,0.9564999938011169,0.03,0.986499993801117,0.04350000619888306,0.01350000619888303,True,1.0,0.01350000619888303,0.013684750414306333,4.932499969005585,0.06750003099441515,2026-06,5,1.0,1.0024999941815622,65101.45,6,True,False,True,spot_inside_favorite,central,False
2026-06-18,T-60,60,2026-06-18T15:00:00+00:00,engineering,"62,000-64,000","62,000-64,000",5,0.6150000095367432,0.735053321767018,0.12005331223027482,"60,000-62,000",0.003000000026077032,0.0,-0.003000000026077032,"64,000-66,000",0.3700000047683716,0.264946678232982,-0.10505332653538957,favorite-only control,none,"62,000-64,000",5,1,0.735053321767018,0.6150000095367432,0.03,0.6450000095367432,0.12005331223027482,0.0900533122302748,True,1.0,0.3549999904632568,0.5503875739757393,3.225000047683716,1.774999952316284,2026-06,5,1.0,0.9935000145924278,63816.61,5,True,False,True,spot_inside_favorite,central,False
2026-06-20,T-60,60,2026-06-20T15:00:00+00:00,engineering,"64,000-66,000","62,000-64,000",4,0.5575000047683716,0.5815273375556399,0.02402733278726832,"60,000-62,000",0.004000000189989805,0.0,-0.004000000189989805,"64,000-66,000",0.4404999911785126,0.4184726624443601,-0.022027328734152474,favorite-only control,none,"62,000-64,000",4,1,0.5815273375556399,0.5575000047683716,0.03,0.5875000047683716,0.02402733278726832,-0.005972667212731708,False,0.0,-0.5875000047683716,-1.0,2.9375000238418583,-2.9375000238418583,2026-06,5,1.0,1.0059999963268638,63949.9,4,True,False,True,spot_inside_favorite,central,False
2026-06-21,T-60,60,2026-06-21T15:00:00+00:00,engineering,"64,000-66,000","64,000-66,000",5,0.7799999713897705,0.8572060062492506,0.07720603485948008,"62,000-64,000",0.22499999403953552,0.14279399375074942,-0.08220600028878611,"66,000-68,000",0.0005000000237487257,0.0,-0.0005000000237487257,favorite-only control,none,"64,000-66,000",5,1,0.8572060062492506,0.7799999713897705,0.03,0.8099999713897705,0.07720603485948008,0.04720603485948005,True,1.0,0.19000002861022947,0.2345679448410768,4.049999856948853,0.9500001430511473,2026-06,5,1.0,1.0094999656430446,64145.97,5,True,False,True,spot_inside_favorite,central,False
2026-06-23,T-30,30,2026-06-23T15:30:00+00:00,engineering,"62,000-64,000","62,000-64,000",4,0.8650000095367432,0.8977635622282197,0.03276355269147657,"60,000-62,000",0.1379999965429306,0.10223643777178029,-0.03576355877115031,"64,000-66,000",0.004000000189989805,0.0,-0.004000000189989805,favorite-only control,none,"62,000-64,000",4,1,0.8977635622282197,0.8650000095367432,0.03,0.8950000095367432,0.03276355269147657,0.002763552691476545,True,1.0,0.10499999046325681,0.11731842384851524,4.475000047683716,0.524999952316284,2026-06,5,1.0,1.015500006324146,62277.09,4,True,False,True,spot_inside_favorite,central,False
2026-06-24,T-60,60,2026-06-24T15:00:00+00:00,engineering,"60,000-62,000","60,000-62,000",3,0.9595000147819519,1.0,0.040499985218048096,"58,000-60,000",0.029999999329447746,0.0,-0.029999999329447746,"62,000-64,000",0.023000000044703484,0.0,-0.023000000044703484,favorite-only control,none,"60,000-62,000",3,1,1.0,0.9595000147819519,0.03,0.9895000147819519,0.040499985218048096,0.010499985218048069,True,1.0,0.010499985218048069,0.010611404811713788,4.94750007390976,0.052499926090240345,2026-06,5,1.0,1.0205000144196674,61113.1,3,True,False,True,spot_inside_favorite,central,False
2026-07-06,T-60,60,2026-07-06T15:00:00+00:00,engineering,"62,000-64,000","62,000-64,000",7,0.5049999952316284,0.5403784390792751,0.03537844384764666,"60,000-62,000",0.4950000047683716,0.4596215609207249,-0.03537844384764666,"64,000-66,000",0.003000000026077032,0.0,-0.003000000026077032,favorite-only control,none,"62,000-64,000",7,1,0.5403784390792751,0.5049999952316284,0.03,0.5349999952316284,0.03537844384764666,0.00537844384764663,True,1.0,0.46500000476837156,0.8691588951641946,2.6749999761581424,2.3250000238418576,2026-07,5,1.0,1.014500000164844,62052.0,7,True,False,True,spot_inside_favorite,central,False
